"","ONTOLOGY","ID","Description","GeneRatio","BgRatio","RichFactor","FoldEnrichment","zScore","pvalue","p.adjust","qvalue","geneID","Count"
"GO:0003341","BP","GO:0003341","cilium movement","22/406","299/28928",0.0735785953177258,5.2425655304216,8.79803713706504,3.31795824561816e-10,1.21603169701906e-06,9.99927837600505e-07,"Adam3/Ak7/Armc3/Ccdc146/Dnajb13/Dnali1/Dydc1/Efhb/Enkur/Hydin/Insl6/Lrrc23/Rsph1/Rsph4a/Spag16/Spag17/Spag8/Tac2/Tekt1/Tekt2/Ttc21a/Qrich2",22
"GO:0060294","BP","GO:0060294","cilium movement involved in cell motility","19/406","255/28928",0.0745098039215686,5.30891529025403,8.24567486167218,4.39534224546442e-09,4.15954546986956e-06,3.42034283915748e-06,"Adam3/Armc3/Ccdc146/Dnajb13/Dnali1/Dydc1/Efhb/Enkur/Insl6/Lrrc23/Rsph1/Rsph4a/Spag16/Spag8/Tac2/Tekt1/Tekt2/Ttc21a/Qrich2",19
"GO:0015850","BP","GO:0015850","organic hydroxy compound transport","21/406","315/28928",0.0666666666666667,4.75008210180624,7.98434110073204,4.91757126854935e-09,4.15954546986956e-06,3.42034283915748e-06,"Aqp1/Cftr/Crhr2/Gal/Galr1/Kcne2/Lgals3/Mapk15/Nr1h4/Slc16a8/Slc18a3/Slc22a2/Stra6/Ttc39d/Xlr4a/Xlr4b/Apoa5/Ces1c/Pon1/Slco1b2/Soat2",21
"GO:0001539","BP","GO:0001539","cilium or flagellum-dependent cell motility","19/406","259/28928",0.0733590733590734,5.22692432052038,8.15253756779156,5.67468686203214e-09,4.15954546986956e-06,3.42034283915748e-06,"Adam3/Armc3/Ccdc146/Dnajb13/Dnali1/Dydc1/Efhb/Enkur/Insl6/Lrrc23/Rsph1/Rsph4a/Spag16/Spag8/Tac2/Tekt1/Tekt2/Ttc21a/Qrich2",19
"GO:0060285","BP","GO:0060285","cilium-dependent cell motility","19/406","259/28928",0.0733590733590734,5.22692432052038,8.15253756779156,5.67468686203214e-09,4.15954546986956e-06,3.42034283915748e-06,"Adam3/Armc3/Ccdc146/Dnajb13/Dnali1/Dydc1/Efhb/Enkur/Insl6/Lrrc23/Rsph1/Rsph4a/Spag16/Spag8/Tac2/Tekt1/Tekt2/Ttc21a/Qrich2",19
"GO:0030317","BP","GO:0030317","flagellated sperm motility","18/406","236/28928",0.076271186440678,5.43441596393087,8.16087538409469,7.80984753167645e-09,4.77051520059903e-06,3.92273569880521e-06,"Adam3/Armc3/Ccdc146/Dnajb13/Dnali1/Dydc1/Efhb/Enkur/Insl6/Lrrc23/Rsph1/Spag16/Spag8/Tac2/Tekt1/Tekt2/Ttc21a/Qrich2",18
"GO:0097722","BP","GO:0097722","sperm motility","18/406","244/28928",0.0737704918032787,5.25623839134297,7.96573267761612,1.31394712254049e-08,6.87945172015843e-06,5.65688813809538e-06,"Adam3/Armc3/Ccdc146/Dnajb13/Dnali1/Dydc1/Efhb/Enkur/Insl6/Lrrc23/Rsph1/Spag16/Spag8/Tac2/Tekt1/Tekt2/Ttc21a/Qrich2",18
"GO:0006869","BP","GO:0006869","lipid transport","24/406","456/28928",0.0526315789473684,3.75006481721545,7.06221753138842,3.89603307647071e-08,1.78487015315815e-05,1.46767667078101e-05,"Abca4/Ace/Cftr/Gal/Galr1/Kcnn4/Lbp/Nr1h4/Pla2g4f/Pla2g5/Slc22a2/Slc43a3/Slc4a1/Stra6/Ttc39d/Apoa5/Apoc4/Ces1c/Gltpd2/Pon1/Slc22a7/Slc27a6/Slco1b2/Soat2",24
"GO:0035082","BP","GO:0035082","axoneme assembly","11/406","112/28928",0.0982142857142857,6.99788881069669,7.58778996668581,5.36745627953615e-07,0.000218574747383333,0.000179731313781427,"Ak7/Dnajb13/Foxj1/Hydin/Lrrc23/Lrrc43/Rsph1/Rsph4a/Spag16/Spag17/Tekt2",11
"GO:0032642","BP","GO:0032642","regulation of chemokine production","11/406","117/28928",0.094017094017094,6.69883373331649,7.36927015369937,8.3358874308091e-07,0.000305510274339153,0.000251217323309542,"App/Ccl5/Cd24a/Clec7a/Hc/Kcnn4/Lbp/Nr1h4/Trpv4/Tslp/F2rl1",11
"GO:0006820","BP","GO:0006820","monoatomic anion transport","13/406","173/28928",0.0751445086705202,5.35413878527293,6.85319927362991,1.12305844953517e-06,0.000374182656140583,0.000307685774260211,"Ano1/Cftr/Clic6/Gabre/Kcne2/Kcnn4/Oca2/Slc12a1/Slc22a18/Slc4a1/Slc4a5/Glra1/Slc26a5",13
"GO:0032602","BP","GO:0032602","chemokine production","11/406","128/28928",0.0859375,6.12315270935961,6.93059896116233,2.03744433023238e-06,0.000622269455858473,0.000511684483987308,"App/Ccl5/Cd24a/Clec7a/Hc/Kcnn4/Lbp/Nr1h4/Trpv4/Tslp/F2rl1",11
"GO:0007218","BP","GO:0007218","neuropeptide signaling pathway","10/406","105/28928",0.0952380952380952,6.78583157400891,7.08623535787533,2.34135754652811e-06,0.00066008272369427,0.000542777866859107,"Gal/Galr1/Gpr139/Gpr171/Prlhr/Pth2/Sstr5/Tac2/Glra1/Npsr1",10
"GO:0007286","BP","GO:0007286","spermatid development","17/406","314/28928",0.054140127388535,3.85755075146685,6.07427174194206,2.60595747744269e-06,0.000682202439630534,0.000560966635933717,"Armc3/Ccdc146/Cftr/Dnali1/Insl6/Oca2/Rsph1/Spag16/Spag17/Stk33/Tcp11/Ttc21a/Xlr4a/Xlr4b/Zmynd15/Actl9/Dhh",17
"GO:0048515","BP","GO:0048515","spermatid differentiation","17/406","325/28928",0.0523076923076923,3.72698749526336,5.89852956713821,4.13039868184834e-06,0.000964863522479436,0.000793395351434946,"Armc3/Ccdc146/Cftr/Dnali1/Insl6/Oca2/Rsph1/Spag16/Spag17/Stk33/Tcp11/Ttc21a/Xlr4a/Xlr4b/Zmynd15/Actl9/Dhh",17
"GO:0007631","BP","GO:0007631","feeding behavior","11/406","139/28928",0.079136690647482,5.63858666761172,6.54040305126774,4.55861752944529e-06,0.000964863522479436,0.000793395351434946,"Ace/App/Cckar/Col6a1/Crhr2/Gal/Gpr171/Pou4f1/Prlhr/Stra6/Npsr1",11
"GO:0015711","BP","GO:0015711","organic anion transport","21/406","477/28928",0.0440251572327044,3.13684667100412,5.61446668380372,4.76660440395966e-06,0.000964863522479436,0.000793395351434946,"Ace/Cftr/Cldn2/Folr1/Nr1h4/Pla2g4f/Pla2g5/Slc16a8/Slc22a18/Slc22a2/Slc25a41/Slc43a3/Slc44a4/Slc4a1/Slc4a5/Ces1c/Slc22a7/Slc26a5/Slc27a6/Slc47a1/Slco1b2",21
"GO:0002064","BP","GO:0002064","epithelial cell development","15/406","262/28928",0.0572519083969466,4.07926898055879,5.97364556917098,5.15435617980532e-06,0.000964863522479436,0.000793395351434946,"Cftr/Cldn1/Cldn3/Foxj1/Hydin/Ntrk1/Onecut1/Six3/Slc4a5/Tfap2a/Tjp3/F2rl1/Mir874/Nkx6-1/Rab25",15
"GO:0006570","BP","GO:0006570","tyrosine metabolic process","5/406","19/28928",0.263157894736842,18.7503240860773,9.23402996556919,5.25342000559021e-06,0.000964863522479436,0.000793395351434946,"Oca2/Tyrp1/Hgd/Hpd/Slc45a2",5
"GO:0051180","BP","GO:0051180","vitamin transport","7/406","49/28928",0.142857142857143,10.1787473610134,7.67211506721279,5.26528525227523e-06,0.000964863522479436,0.000793395351434946,"Cubn/Folr1/Slc22a2/Slc44a4/Stra6/Gc/Slc47a1",7
"GO:0050878","BP","GO:0050878","regulation of body fluid levels","18/406","373/28928",0.0482573726541555,3.43839723187047,5.65512901265013,6.6042951488073e-06,0.00110464739946143,0.000908337906127112,"Ano1/Aqp1/Aqp5/Cftr/F5/Kcnn4/Klkb1/Nlrp6/Prlr/Slc4a1/Slc4a5/Trpv4/F2rl1/F9/Fgb/Gp9/Has2/Plg",18
"GO:0032675","BP","GO:0032675","regulation of interleukin-6 production","12/406","173/28928",0.069364161849711,4.94228195563655,6.20495697707054,6.63089844151472e-06,0.00110464739946143,0.000908337906127112,"App/Cd24a/Clec7a/Crhr2/Foxj1/Lbp/Nr1h4/Tlr1/Trpv4/Tslp/F2rl1/Slamf1",12
"GO:0044782","BP","GO:0044782","cilium organization","20/406","450/28928",0.0444444444444444,3.16672140120416,5.52687081908728,6.97540269503946e-06,0.00111151525553564,0.000913985259308832,"Ak7/Arl13a/Avil/Ccdc113/Ccdc146/Dnajb13/Dnali1/Foxj1/Hydin/Lrrc23/Lrrc43/Mapk15/Onecut1/Rsph1/Rsph4a/Spag16/Spag17/Tekt1/Tekt2/Ttc21a",20
"GO:0060271","BP","GO:0060271","cilium assembly","19/406","415/28928",0.0457831325301205,3.26210457593922,5.53783480377135,7.78327963580778e-06,0.00118857166105148,0.000977347789356039,"Ak7/Arl13a/Avil/Ccdc113/Ccdc146/Dnajb13/Dnali1/Foxj1/Hydin/Lrrc23/Lrrc43/Mapk15/Onecut1/Rsph1/Rsph4a/Spag16/Spag17/Tekt1/Tekt2",19
"GO:0007271","BP","GO:0007271","synaptic transmission, cholinergic","6/406","35/28928",0.171428571428571,12.214496833216,7.92031077825875,8.47218991310612e-06,0.00124202304126136,0.00102130019878833,"Chrna3/Chrnb3/Chrnb4/Musk/Slc18a3/Slc5a7",6
"GO:0001578","BP","GO:0001578","microtubule bundle formation","11/406","149/28928",0.0738255033557047,5.26015803220154,6.22021965378877,8.88426835102247e-06,0.00125234013486528,0.0010297838173675,"Ak7/Dnajb13/Foxj1/Hydin/Lrrc23/Lrrc43/Rsph1/Rsph4a/Spag16/Spag17/Tekt2",11
"GO:0032635","BP","GO:0032635","interleukin-6 production","12/406","182/28928",0.0659340659340659,4.69788339739079,5.97069549739781,1.11026263808919e-05,0.00142562314869965,0.00117227229833478,"App/Cd24a/Clec7a/Crhr2/Foxj1/Lbp/Nr1h4/Tlr1/Trpv4/Tslp/F2rl1/Slamf1",12
"GO:0035461","BP","GO:0035461","vitamin transmembrane transport","5/406","22/28928",0.227272727272727,16.1934617107031,8.50547953123451,1.14916950256254e-05,0.00142562314869965,0.00117227229833478,"Slc22a2/Slc44a4/Stra6/Gc/Slc47a1",5
"GO:0003351","BP","GO:0003351","epithelial cilium movement involved in extracellular fluid movement","7/406","55/28928",0.127272727272727,9.06833855799373,7.14569095840005,1.15708437830687e-05,0.00142562314869965,0.00117227229833478,"Ak7/Dnajb13/Dydc1/Rsph1/Rsph4a/Spag16/Spag17",7
"GO:0015871","BP","GO:0015871","choline transport","4/406","11/28928",0.363636363636364,25.9095387371249,9.85848403449198,1.16694937137761e-05,0.00142562314869965,0.00117227229833478,"Scn4a/Slc22a2/Slc44a4/Slc5a7",4
"GO:0006858","BP","GO:0006858","extracellular transport","7/406","58/28928",0.120689655172414,8.59928656361474,6.91175210403078,1.65360502712556e-05,0.0019549878788436,0.00160756237441782,"Ak7/Dnajb13/Dydc1/Rsph1/Rsph4a/Spag16/Spag17",7
"GO:0015870","BP","GO:0015870","acetylcholine transport","4/406","12/28928",0.333333333333333,23.7504105090312,9.40449498693297,1.73102185318483e-05,0.00198256096622575,0.00163023538344347,"Chrna3/Slc18a3/Slc22a2/Slc44a4",4
"GO:0008202","BP","GO:0008202","steroid metabolic process","17/406","366/28928",0.046448087431694,3.30948343158631,5.30500518894231,1.94003930389694e-05,0.0021546194087219,0.00177171691453172,"App/Cftr/Cubn/Cyp17a1/Cyp1a1/Gal/Nr1h4/Ttc39d/Apoa5/Ces1c/Cyp8b1/Dhh/Gc/Hsd3b2/Pon1/Rora/Soat2",17
"GO:0015718","BP","GO:0015718","monocarboxylic acid transport","12/406","194/28928",0.0618556701030928,4.40729267177899,5.68115956388625,2.10398834055345e-05,0.00226797566709658,0.00186492836501688,"Ace/Cldn2/Nr1h4/Pla2g4f/Pla2g5/Slc16a8/Slc22a2/Slc43a3/Ces1c/Slc22a7/Slc27a6/Slco1b2",12
"GO:1901374","BP","GO:1901374","acetate ester transport","4/406","13/28928",0.307692307692308,21.9234558544903,9.00260554515813,2.47266259400886e-05,0.00256584248674256,0.00210986056998462,"Chrna3/Slc18a3/Slc22a2/Slc44a4",4
"GO:0009072","BP","GO:0009072","aromatic amino acid metabolic process","6/406","42/28928",0.142857142857143,10.1787473610134,7.10213764321497,2.52033641262571e-05,0.00256584248674256,0.00210986056998462,"Hdc/Oca2/Tyrp1/Hgd/Hpd/Slc45a2",6
"GO:0003014","BP","GO:0003014","renal system process","10/406","138/28928",0.072463768115942,5.16313271935461,5.84875856046871,2.66419944245423e-05,0.00262978258841578,0.00216243772546402,"Aqp1/Chrna3/Chrnb4/Corin/Kcnn4/Slc4a1/Slc4a5/Sulf1/F2rl1/Has2",10
"GO:1902476","BP","GO:1902476","chloride transmembrane transport","9/406","111/28928",0.0810810810810811,5.77712688057516,6.01628788191169,2.76929473052261e-05,0.00262978258841578,0.00216243772546402,"Ano1/Cftr/Clic6/Gabre/Oca2/Slc12a1/Slc4a1/Glra1/Slc26a5",9
"GO:0097009","BP","GO:0097009","energy homeostasis","10/406","139/28928",0.0719424460431655,5.12598787964702,5.81763921885094,2.83538841063327e-05,0.00262978258841578,0.00216243772546402,"Cckar/Col6a1/Trpv4/C1qtnf9/Mir1193/Mir329/Mir380/Mir485/Mir667/Mir679",10
"GO:0032722","BP","GO:0032722","positive regulation of chemokine production","8/406","86/28928",0.0930232558139535,6.62802153740406,6.23615666340568,2.87015835024914e-05,0.00262978258841578,0.00216243772546402,"App/Ccl5/Clec7a/Hc/Lbp/Trpv4/Tslp/F2rl1",8
"GO:0098656","BP","GO:0098656","monoatomic anion transmembrane transport","10/406","140/28928",0.0714285714285714,5.08937368050669,5.78681761998323,3.01591115407362e-05,0.00269593033650728,0.00221683020131265,"Ano1/Cftr/Clic6/Gabre/Oca2/Slc12a1/Slc4a1/Slc4a5/Glra1/Slc26a5",10
"GO:0015698","BP","GO:0015698","inorganic anion transport","11/406","176/28928",0.0625,4.45320197044335,5.48237843978293,4.20484333357729e-05,0.00366922638513351,0.00301715951479493,"Ano1/Cftr/Clic6/Gabre/Kcne2/Oca2/Slc12a1/Slc4a1/Slc4a5/Glra1/Slc26a5",11
"GO:0007274","BP","GO:0007274","neuromuscular synaptic transmission","5/406","29/28928",0.172413793103448,12.2846950908782,7.2539097390961,4.77983472970694e-05,0.0039813850646309,0.0032738437395098,"Cd24a/Chat/Chrna3/Chrnb4/Slc5a7",5
"GO:1902221","BP","GO:1902221","erythrose 4-phosphate/phosphoenolpyruvate family amino acid metabolic process","5/406","29/28928",0.172413793103448,12.2846950908782,7.2539097390961,4.77983472970694e-05,0.0039813850646309,0.0032738437395098,"Oca2/Tyrp1/Hgd/Hpd/Slc45a2",5
"GO:0042060","BP","GO:0042060","wound healing","17/406","394/28928",0.0431472081218274,3.07429171563602,4.94608234129843,4.89168509277347e-05,0.00398400574778106,0.00327599869487964,"Aqp1/Chmp4c/Cldn1/Cldn3/Clec10a/Clec7a/Eppk1/F5/Fermt1/Klkb1/Nlrp6/Slc4a1/F2rl1/F9/Fgb/Gp9/Plg",17
"GO:0048246","BP","GO:0048246","macrophage chemotaxis","6/406","48/28928",0.125,8.9064039408867,6.54072289085492,5.49224006849377e-05,0.0043758825763108,0.0035982341684434,"Ccl5/Hc/Lgals3/Slamf8/Trpv4/Slamf1",6
"GO:0006813","BP","GO:0006813","potassium ion transport","13/406","249/28928",0.0522088353413655,3.71994381466754,5.14283192702994,5.66621614515621e-05,0.00441844301531862,0.00363323109150778,"Aqp1/Cckar/Cnga2/Fxyd3/Gal/Kcne2/Kcnj13/Kcnmb1/Kcnn4/Prnp/Scn4a/Slc12a1/Kcnh7",13
"GO:0022600","BP","GO:0022600","digestive system process","9/406","123/28928",0.0731707317073171,5.2135047458849,5.58710496040963,6.22348730010957e-05,0.0047518918656045,0.00390742196057318,"Aqp1/Aqp5/Cckar/Cldn2/Crhr2/Kcnn4/Cyp8b1/Hamp/Npsr1",9
"GO:0050729","BP","GO:0050729","positive regulation of inflammatory response","10/406","155/28928",0.0645161290322581,4.59685364690927,5.35698919153254,7.16083436831981e-05,0.00533965156003921,0.00439072949418892,"App/Ccl5/Cd24a/Kcnn4/Lbp/Nlrp6/Trpv4/Tslp/Ccl24/Nlrp1a",10
"GO:0042886","BP","GO:0042886","amide transport","17/406","407/28928",0.0417690417690418,2.97609566575084,4.79013245700871,7.28465424289115e-05,0.00533965156003921,0.00439072949418892,"Ano1/Aqp1/Cckar/Ccl5/Cftr/Crhr2/Folr1/Nr1h4/Slc12a1/Sstr5/Trpv4/F2rl1/Fgb/Gltpd2/Nkx6-1/Ptprv/Slco1b2",17
"GO:0050900","BP","GO:0050900","leukocyte migration","17/406","409/28928",0.0415647921760391,2.96154263071049,4.76669084250916,7.73233643248282e-05,0.00541434367285249,0.00445214789556306,"App/Ccl5/Cd24a/Foxj1/Gpr15/Hc/Il17b/Kcnn4/Lbp/Lgals3/Slamf8/Trpv4/Ccl24/Cnr2/F2rl1/Plg/Slamf1",17
"GO:0071605","BP","GO:0071605","monocyte chemotactic protein-1 production","5/406","32/28928",0.15625,11.1330049261084,6.84256773853751,7.82974664832693e-05,0.00541434367285249,0.00445214789556306,"Cd24a/Clec7a/Kcnn4/Nr1h4/Trpv4",5
"GO:0071637","BP","GO:0071637","regulation of monocyte chemotactic protein-1 production","5/406","32/28928",0.15625,11.1330049261084,6.84256773853751,7.82974664832693e-05,0.00541434367285249,0.00445214789556306,"Cd24a/Clec7a/Kcnn4/Nr1h4/Trpv4",5
"GO:0006821","BP","GO:0006821","chloride transport","9/406","128/28928",0.0703125,5.00985221674877,5.42452649460206,8.47876246375751e-05,0.00575456748697616,0.00473190973367208,"Ano1/Cftr/Clic6/Gabre/Oca2/Slc12a1/Slc4a1/Glra1/Slc26a5",9
"GO:0060326","BP","GO:0060326","cell chemotaxis","15/406","337/28928",0.0445103857566766,3.17141980090921,4.78375355827487,9.55439416125543e-05,0.00633917786200316,0.00521262762085591,"App/Ccl5/Cxcr6/Enpp2/Hc/Il17b/Lbp/Lgals3/Slamf8/Trpv4/Ccl24/Ccr9/Cnr2/F2rl1/Slamf1",15
"GO:0044058","BP","GO:0044058","regulation of digestive system process","6/406","53/28928",0.113207547169811,8.0661771540106,6.14308021760876,9.68605621479337e-05,0.00633917786200316,0.00521262762085591,"Aqp1/Cldn2/Crhr2/Cyp8b1/Hamp/Npsr1",6
"GO:0010758","BP","GO:0010758","regulation of macrophage chemotaxis","5/406","34/28928",0.147058823529412,10.4781222833961,6.59754951971609,0.000105725277017615,0.00667415833485883,0.00548807792423374,"Ccl5/Hc/Slamf8/Trpv4/Slamf1",5
"GO:0046475","BP","GO:0046475","glycerophospholipid catabolic process","5/406","34/28928",0.147058823529412,10.4781222833961,6.59754951971609,0.000105725277017615,0.00667415833485883,0.00548807792423374,"Enpp2/Pla2g4f/Pla2g5/Pnliprp2/Pla2g4d",5
"GO:0061041","BP","GO:0061041","regulation of wound healing","9/406","132/28928",0.0681818181818182,4.85803851321093,5.30044300162946,0.000107442112348341,0.00667415833485883,0.00548807792423374,"Cldn1/Cldn3/Clec7a/Eppk1/Fermt1/Klkb1/F2rl1/Fgb/Plg",9
"GO:0098661","BP","GO:0098661","inorganic anion transmembrane transport","9/406","133/28928",0.0676691729323308,4.82151190784844,5.27020153368669,0.000113836123360209,0.00695348986858611,0.00571776879263647,"Ano1/Cftr/Clic6/Gabre/Oca2/Slc12a1/Slc4a1/Glra1/Slc26a5",9
"GO:0010038","BP","GO:0010038","response to metal ion","16/406","384/28928",0.0416666666666667,2.9688013136289,4.63377362336478,0.00012138278223256,0.00729291634233332,0.0059968749876069,"App/Aqp1/Cldn1/Cyp1a1/Kcnmb1/Loxl2/Prnp/Tfap2a/Fbp1/Fgb/Glra1/Hamp/Otc/Serpina1c/Serpina1d/Slc26a5",16
"GO:0140115","BP","GO:0140115","export across plasma membrane","7/406","79/28928",0.0886075949367089,6.31340026189437,5.64216033450293,0.000123875440821358,0.00732263694532706,0.00602131387218249,"Fxyd3/Kcne2/Kcnn4/Slc22a18/Slc22a2/Hamp/Slc47a1",7
"GO:0009566","BP","GO:0009566","fertilization","12/406","237/28928",0.0506329113924051,3.60765729251107,4.8092413373272,0.000144773628771295,0.00814325345392758,0.00669609668660721,"Adam3/Ccdc146/Col6a1/Folr1/Insl6/Klk14/Spag8/Syt6/Tdrd9/Tmem95/Actl9/Glra1",12
"GO:0009395","BP","GO:0009395","phospholipid catabolic process","6/406","57/28928",0.105263157894737,7.5001296344309,5.86075085123852,0.000146052555882285,0.00814325345392758,0.00669609668660721,"Enpp2/Pla2g4f/Pla2g5/Plbd1/Pnliprp2/Pla2g4d",6
"GO:0032941","BP","GO:0032941","secretion by tissue","6/406","57/28928",0.105263157894737,7.5001296344309,5.86075085123852,0.000146052555882285,0.00814325345392758,0.00669609668660721,"Ano1/Aqp1/Aqp5/Kcnn4/Nlrp6/Slc4a5",6
"GO:0170039","BP","GO:0170039","proteinogenic amino acid metabolic process","10/406","169/28928",0.0591715976331361,4.2160492027866,5.0026932395976,0.000146645219088464,0.00814325345392758,0.00669609668660721,"Got1l1/Hdc/Nr1h4/Oca2/Tyrp1/Hao1/Hgd/Hpd/Otc/Slc45a2",10
"GO:0007586","BP","GO:0007586","digestion","9/406","138/28928",0.0652173913043478,4.64681944741915,5.12339334329055,0.000150786336839523,0.00824823767935602,0.00678242391785634,"Aqp1/Aqp5/Cckar/Cldn2/Crhr2/Kcnn4/Cyp8b1/Hamp/Npsr1",9
"GO:0015695","BP","GO:0015695","organic cation transport","9/406","139/28928",0.0647482014388489,4.61338909168232,5.09487538643415,0.000159262429721052,0.00858377654305379,0.00705833337912343,"Chrna3/Crhr2/Scn4a/Slc18a3/Slc22a2/Slc44a3/Slc44a4/Slc5a7/Slc47a1",9
"GO:0010631","BP","GO:0010631","epithelial cell migration","8/406","110/28928",0.0727272727272727,5.18190774742499,5.24280372064897,0.000165549110635006,0.00866767843538996,0.00712732486839132,"Aqp1/Enpp2/Eppk1/Fermt1/Fat2/Gdf6/Has2/Rab25",8
"GO:0051899","BP","GO:0051899","membrane depolarization","8/406","110/28928",0.0727272727272727,5.18190774742499,5.24280372064897,0.000165549110635006,0.00866767843538996,0.00712732486839132,"Chrna3/Chrnb3/Chrnb4/Cnga2/Col6a1/Scn4a/Alb/Scn4b",8
"GO:0002274","BP","GO:0002274","myeloid leukocyte activation","13/406","279/28928",0.046594982078853,3.31994985610114,4.64569498689651,0.000176699946618966,0.0091016194857233,0.00748414923174432,"App/Ccl5/Cftr/Kcnn4/Lbp/Pla2g5/Tlr1/Tslp/Cnr2/F2rl1/Hamp/Rora/Slamf1",13
"GO:0006935","BP","GO:0006935","chemotaxis","18/406","481/28928",0.0374220374220374,2.66636625257315,4.39692937883392,0.000178803984439857,0.0091016194857233,0.00748414923174432,"App/Ccl5/Cxcr6/Enpp2/Hc/Il17b/Lbp/Lgals3/Sema3b/Slamf8/Trpv4/Ccl24/Ccr9/Cnr2/F2rl1/Pik3c2g/Pou4f2/Slamf1",18
"GO:0030595","BP","GO:0030595","leukocyte chemotaxis","12/406","243/28928",0.0493827160493827,3.51857933467129,4.70387824645693,0.000182620138593527,0.00916853161568871,0.00753917024936218,"App/Ccl5/Hc/Il17b/Lbp/Lgals3/Slamf8/Trpv4/Ccl24/Cnr2/F2rl1/Slamf1",12
"GO:0042330","BP","GO:0042330","taxis","18/406","483/28928",0.0372670807453416,2.65532539852523,4.37702172139205,0.000188094048832025,0.00931573904012663,0.00766021709539241,"App/Ccl5/Cxcr6/Enpp2/Hc/Il17b/Lbp/Lgals3/Sema3b/Slamf8/Trpv4/Ccl24/Ccr9/Cnr2/F2rl1/Pik3c2g/Pou4f2/Slamf1",18
"GO:0032755","BP","GO:0032755","positive regulation of interleukin-6 production","8/406","113/28928",0.0707964601769911,5.04433497536946,5.13927380025825,0.00019938193308348,0.009614931378302,0.00790623925786706,"App/Clec7a/Crhr2/Lbp/Tlr1/Trpv4/Tslp/F2rl1",8
"GO:0090132","BP","GO:0090132","epithelium migration","8/406","113/28928",0.0707964601769911,5.04433497536946,5.13927380025825,0.00019938193308348,0.009614931378302,0.00790623925786706,"Aqp1/Enpp2/Eppk1/Fermt1/Fat2/Gdf6/Has2/Rab25",8
"GO:0009595","BP","GO:0009595","detection of biotic stimulus","5/406","39/28928",0.128205128205128,9.13477327270431,6.06507574388949,0.000206532543182861,0.00983041260734007,0.00808342680974068,"Clec7a/Fap/Lbp/Naip1/Tlr1",5
"GO:0050727","BP","GO:0050727","regulation of inflammatory response","16/406","403/28928",0.0397022332506203,2.82883301348262,4.41101440648344,0.000209877447097925,0.00986154927710121,0.00810903010852036,"App/Ccl5/Cd24a/Kcnn4/Lbp/Nlrp6/Nr1h4/Pla2g5/Slamf8/Trpv4/Tslp/Ahsg/Ccl24/Hamp/Nlrp1a/Rora",16
"GO:1903034","BP","GO:1903034","regulation of response to wounding","10/406","177/28928",0.0564971751412429,4.02549330661546,4.81704916706269,0.000213642754410882,0.00991140120146685,0.00815002272989146,"Cd24a/Cldn1/Cldn3/Clec7a/Eppk1/Fermt1/Klkb1/F2rl1/Fgb/Plg",10
"GO:0010959","BP","GO:0010959","regulation of metal ion transport","17/406","447/28928",0.0380313199105145,2.70977838022504,4.34651009563098,0.000222665169386403,0.0102008480725146,0.00838803131517465,"Ace/Cckar/Ccl5/Crhr2/Efhb/Fxyd3/Gal/Kcne2/Kcnmb1/Kcnn4/Lgals3/Prnp/Hamp/Hsd3b2/Npsr1/Scn4b/Tmc2",17
"GO:0007588","BP","GO:0007588","excretion","5/406","40/28928",0.125,8.9064039408867,5.970008969059,0.000233339617589454,0.0105578975119179,0.00868162865703194,"Chrna3/Chrnb4/Corin/Crhr2/Npsr1",5
"GO:0050886","BP","GO:0050886","endocrine process","8/406","117/28928",0.0683760683760684,4.87187907877563,5.00680038569037,0.000253126242031058,0.011313508256632,0.00930295803510808,"Ace/Aqp1/Corin/Crhr2/Gal/Galr1/Kcnn4/F2rl1",8
"GO:0015701","BP","GO:0015701","bicarbonate transport","4/406","23/28928",0.173913043478261,12.3915185264511,6.5205432333059,0.000274020900368428,0.0120998385524131,0.00994954772041609,"Cftr/Slc4a1/Slc4a5/Slc26a5",4
"GO:0090130","BP","GO:0090130","tissue migration","8/406","119/28928",0.0672268907563025,4.78999875812394,4.94280165452841,0.000284137215597131,0.0123971773233748,0.010194045717476,"Aqp1/Enpp2/Eppk1/Fermt1/Fat2/Gdf6/Has2/Rab25",8
"GO:0050670","BP","GO:0050670","regulation of lymphocyte proliferation","12/406","259/28928",0.0463320463320463,3.30121536032866,4.4383914293381,0.000327149073864194,0.0141058983024973,0.011599105863445,"Ccl5/Cd24a/Foxj1/Gal/H2-DMb2/Lgals3/Pla2g5/Prlr/Prnp/Slc4a1/Cd6/Slamf1",12
"GO:0170033","BP","GO:0170033","L-amino acid metabolic process","10/406","187/28928",0.053475935828877,3.81022628487132,4.59976754141384,0.000331861114595311,0.0141426858719978,0.0116293558272506,"Got1l1/Hdc/Nr1h4/Oca2/Tyrp1/Hao1/Hgd/Hpd/Otc/Slc45a2",10
"GO:0046942","BP","GO:0046942","carboxylic acid transport","15/406","381/28928",0.0393700787401575,2.80516659555487,4.23179153478384,0.000358702284526654,0.0151108491125309,0.0124254644960655,"Ace/Cldn2/Folr1/Nr1h4/Pla2g4f/Pla2g5/Slc16a8/Slc22a2/Slc43a3/Ces1c/Slc22a7/Slc26a5/Slc27a6/Slc47a1/Slco1b2",15
"GO:0042908","BP","GO:0042908","xenobiotic transport","5/406","44/28928",0.113636363636364,8.09673085535155,5.62057479819153,0.000367823502054026,0.0153190128980455,0.0125966350045535,"Cldn1/Slc22a18/Slc22a2/Slc43a3/Slc47a1",5
"GO:0015849","BP","GO:0015849","organic acid transport","15/406","383/28928",0.0391644908616188,2.79051820602194,4.20860174973763,0.000378916844347336,0.0154806848183096,0.0127295758267596,"Ace/Cldn2/Folr1/Nr1h4/Pla2g4f/Pla2g5/Slc16a8/Slc22a2/Slc43a3/Ces1c/Slc22a7/Slc26a5/Slc27a6/Slc47a1/Slco1b2",15
"GO:0006833","BP","GO:0006833","water transport","4/406","25/28928",0.16,11.400197044335,6.20675835209211,0.000382877425109644,0.0154806848183096,0.0127295758267596,"Aqp1/Aqp5/Cftr/Has2",4
"GO:0046503","BP","GO:0046503","glycerolipid catabolic process","6/406","68/28928",0.0882352941176471,6.28687337003767,5.2075077888706,0.00038704516912536,0.0154806848183096,0.0127295758267596,"Enpp2/Pla2g4f/Pla2g5/Pnliprp2/Apoa5/Pla2g4d",6
"GO:0032944","BP","GO:0032944","regulation of mononuclear cell proliferation","12/406","264/28928",0.0454545454545455,3.23869234214062,4.35966085729674,0.000388601092301359,0.0154806848183096,0.0127295758267596,"Ccl5/Cd24a/Foxj1/Gal/H2-DMb2/Lgals3/Pla2g5/Prlr/Prnp/Slc4a1/Cd6/Slamf1",12
"GO:0046434","BP","GO:0046434","organophosphate catabolic process","12/406","265/28928",0.0452830188679245,3.22647086160424,4.34414044779852,0.000401994915619007,0.0158296166954651,0.0130164981974917,"App/Col6a1/Enpp2/Pklr/Pla2g4f/Pla2g5/Plbd1/Pnliprp2/Slc4a1/Fbp1/Pla2g4d/Pon1",12
"GO:0048608","BP","GO:0048608","reproductive structure development","15/406","386/28928",0.038860103626943,2.76883024069017,4.17409503490818,0.000411070062344597,0.0158296166954651,0.0130164981974917,"Ace/Adam3/Bik/Cftr/Col6a1/Insl6/Irx5/Ntrk1/Prlr/Six3/Stra6/Sulf1/Ahsg/Dhh/Msh4",15
"GO:0007618","BP","GO:0007618","mating","3/406","11/28928",0.272727272727273,19.4321540528437,7.29492016568066,0.000416415993873059,0.0158296166954651,0.0130164981974917,"Dnajb13/Dydc1/Rsph1",3
"GO:1905198","BP","GO:1905198","manchette assembly","3/406","11/28928",0.272727272727273,19.4321540528437,7.29492016568066,0.000416415993873059,0.0158296166954651,0.0130164981974917,"Ccdc146/Spag17/Stk33",3
"GO:1905517","BP","GO:1905517","macrophage migration","6/406","69/28928",0.0869565217391304,6.19575926322553,5.15534404691714,0.0004189557488295,0.0158296166954651,0.0130164981974917,"Ccl5/Hc/Lgals3/Slamf8/Trpv4/Slamf1",6
"GO:0061458","BP","GO:0061458","reproductive system development","15/406","391/28928",0.0383631713554987,2.7334232043642,4.11730987424945,0.000469863043230813,0.0175719189126626,0.0144491717805566,"Ace/Adam3/Bik/Cftr/Col6a1/Insl6/Irx5/Ntrk1/Prlr/Six3/Stra6/Sulf1/Ahsg/Dhh/Msh4",15
"GO:0009636","BP","GO:0009636","response to toxic substance","11/406","234/28928",0.047008547008547,3.34941686665825,4.30523825667477,0.000508820867089549,0.0188366512917495,0.0154891455872129,"Aldh1a7/Ccl5/Cldn1/Col6a1/Cyp1a1/Inmt/Slc22a18/Slc22a2/Ambp/Pon1/Slc47a1",11
"GO:0045216","BP","GO:0045216","cell-cell junction organization","11/406","235/28928",0.0468085106382979,3.33516402892779,4.28832874255802,0.000527239377218211,0.0193233231750474,0.0158893298629025,"Ace/Cdh26/Cldn1/Cldn2/Cldn3/Nr1h4/Pkp3/Tjp3/Trpv4/F2rl1/Xirp2",11
"GO:0048880","BP","GO:0048880","sensory system development","17/406","483/28928",0.0351966873706004,2.50780732082938,3.98695350220809,0.000539193119329091,0.0195657701221893,0.0160886909915496,"Aqp1/Aqp5/Col8a1/Col8a2/Crygn/Cyp1a1/Irx5/Otx2/Pou4f1/Rd3/Six3/Slc44a4/Slc4a5/Stra6/Tfap2a/Cryba2/Pou4f2",17
"GO:0071476","BP","GO:0071476","cellular hypotonic response","3/406","12/28928",0.25,17.8128078817734,6.95002700622207,0.000549451252320131,0.01974253764464,0.016234044740893,"Aqp5/Trpv4/Fbp1",3
"GO:0042129","BP","GO:0042129","regulation of T cell proliferation","10/406","200/28928",0.05,3.56256157635468,4.33871715039655,0.000562815557585328,0.0200263982383517,0.016467459799354,"Ccl5/Cd24a/Foxj1/H2-DMb2/Lgals3/Pla2g5/Prnp/Slc4a1/Cd6/Slamf1",10
"GO:0052547","BP","GO:0052547","regulation of peptidase activity","15/406","400/28928",0.0375,2.67192118226601,4.01730550262431,0.000593917638817972,0.0209298860218064,0.0172103866390269,"App/Aqp1/Cldn3/Clec7a/Col4a3/Naip1/Nek5/Nlrp6/Pi16/Serpinb1b/Wfikkn2/Ambp/Itih4/Serpina1c/Serpina1d",15
"GO:1905521","BP","GO:1905521","regulation of macrophage migration","5/406","49/28928",0.102040816326531,7.27053382929526,5.24126606594959,0.000609860752542822,0.0212870443625661,0.0175040735291238,"Ccl5/Hc/Slamf8/Trpv4/Slamf1",5
"GO:0002523","BP","GO:0002523","leukocyte migration involved in inflammatory response","4/406","29/28928",0.137931034482759,9.82775607270256,5.67456588188227,0.000687743651364129,0.0233387081689772,0.0191911313241277,"Cd24a/Lbp/Slamf8/Slamf1",4
"GO:0050891","BP","GO:0050891","multicellular organismal-level water homeostasis","4/406","29/28928",0.137931034482759,9.82775607270256,5.67456588188227,0.000687743651364129,0.0233387081689772,0.0191911313241277,"Aqp1/Cftr/Trpv4/Has2",4
"GO:0098581","BP","GO:0098581","detection of external biotic stimulus","4/406","29/28928",0.137931034482759,9.82775607270256,5.67456588188227,0.000687743651364129,0.0233387081689772,0.0191911313241277,"Clec7a/Lbp/Naip1/Tlr1",4
"GO:0090557","BP","GO:0090557","establishment of endothelial intestinal barrier","3/406","13/28928",0.230769230769231,16.4425918908678,6.64438820982359,0.000706868640234142,0.0236155241699967,0.0194187537010701,"Cldn1/Tjp3/Mir874",3
"GO:0050867","BP","GO:0050867","positive regulation of cell activation","15/406","407/28928",0.0368550368550369,2.6259667638978,3.94140643327857,0.000708787901418729,0.0236155241699967,0.0194187537010701,"Ccl5/Cd24a/Cftr/Clec7a/H2-DMb2/Kcnn4/Lbp/Prlr/Slc4a1/Sox15/Tslp/Cd6/Gp9/Hamp/Slamf1",15
"GO:0009410","BP","GO:0009410","response to xenobiotic stimulus","17/406","498/28928",0.034136546184739,2.43227095574416,3.84659226123733,0.000756766381573145,0.0249869260222124,0.0205464404973344,"Ace/Car9/Cftr/Chrna3/Col6a1/Cyp1a1/Kcne2/Nr1h4/Ntrk1/Prnp/Slamf8/Fbp1/Nkx6-1/Otc/Rora/Slc26a5/Slco1b2",17
"GO:0070663","BP","GO:0070663","regulation of leukocyte proliferation","12/406","286/28928",0.041958041958042,2.98956216197596,4.03425722990708,0.000787699889652374,0.025411430886211,0.02089550560127,"Ccl5/Cd24a/Foxj1/Gal/H2-DMb2/Lgals3/Pla2g5/Prlr/Prnp/Slc4a1/Cd6/Slamf1",12
"GO:0045664","BP","GO:0045664","regulation of neuron differentiation","11/406","247/28928",0.0445344129554656,3.17313176841308,4.09224964192379,0.000795308693129464,0.025411430886211,0.02089550560127,"App/Ccl5/Cd24a/Six3/Six3os1/Tfap2a/Gdf6/Mir124a-3/Mir132/Nkx6-1/Pou4f2",11
"GO:0015844","BP","GO:0015844","monoamine transport","7/406","107/28928",0.0654205607476635,4.66129552046407,4.52685805821909,0.000797357312937043,0.025411430886211,0.02089550560127,"Crhr2/Lgals3/Mapk15/Slc18a3/Slc22a2/Xlr4a/Xlr4b",7
"GO:0042632","BP","GO:0042632","cholesterol homeostasis","7/406","107/28928",0.0654205607476635,4.66129552046407,4.52685805821909,0.000797357312937043,0.025411430886211,0.02089550560127,"Cd24a/Nr1h4/Ttc39d/Apoa5/Ces1c/Rora/Soat2",7
"GO:0055092","BP","GO:0055092","sterol homeostasis","7/406","108/28928",0.0648148148148148,4.61813537675607,4.49442801330002,0.000842519175449762,0.02634063012417,0.0216595746522579,"Cd24a/Nr1h4/Ttc39d/Apoa5/Ces1c/Rora/Soat2",7
"GO:0046879","BP","GO:0046879","hormone secretion","15/406","415/28928",0.036144578313253,2.57534571784676,3.85658754995521,0.000862693935169648,0.02634063012417,0.0216595746522579,"Ano1/Aqp1/Cckar/Ccl5/Cftr/Crhr2/Gal/Galr1/Nr1h4/Sstr5/Trpv4/F2rl1/Fgb/Nkx6-1/Ptprv",15
"GO:0032835","BP","GO:0032835","glomerulus development","6/406","79/28928",0.0759493670886076,5.4114859387666,4.68444117760711,0.00086391598014061,0.02634063012417,0.0216595746522579,"Aqp1/Cd24a/Col4a3/Foxj1/Hc/Sulf1",6
"GO:0007548","BP","GO:0007548","sex differentiation","14/406","372/28928",0.0376344086021505,2.68149796069707,3.89442957839774,0.000864763012085688,0.02634063012417,0.0216595746522579,"Ace/Adam3/Bik/Cftr/Insl6/Irx5/Mir135a-2/Ntrk1/Six3/Stra6/Ahsg/Dhh/Mir138-1/Msh4",14
"GO:0061028","BP","GO:0061028","establishment of endothelial barrier","5/406","53/28928",0.0943396226415094,6.72181429500883,4.97433951037438,0.000876701574479739,0.02634063012417,0.0216595746522579,"Cldn1/Cldn3/Tjp3/F2rl1/Mir874",5
"GO:0071805","BP","GO:0071805","potassium ion transmembrane transport","10/406","212/28928",0.0471698113207547,3.36090714750441,4.11632438605785,0.000881207901731351,0.02634063012417,0.0216595746522579,"Aqp1/Cnga2/Gal/Kcne2/Kcnj13/Kcnmb1/Kcnn4/Prnp/Slc12a1/Kcnh7",10
"GO:0006971","BP","GO:0006971","hypotonic response","3/406","14/28928",0.214285714285714,15.2681210415201,6.37090957884338,0.000890314474685139,0.02634063012417,0.0216595746522579,"Aqp5/Trpv4/Fbp1",3
"GO:0045117","BP","GO:0045117","azole transmembrane transport","3/406","14/28928",0.214285714285714,15.2681210415201,6.37090957884338,0.000890314474685139,0.02634063012417,0.0216595746522579,"Slc22a2/Slc44a4/Slc47a1",3
"GO:0045730","BP","GO:0045730","respiratory burst","4/406","31/28928",0.129032258064516,9.19370729381853,5.44577432722567,0.00089119730843031,0.02634063012417,0.0216595746522579,"Cd24a/Clec7a/Lbp/Slamf8",4
"GO:0030072","BP","GO:0030072","peptide hormone secretion","13/406","332/28928",0.0391566265060241,2.78995786100065,3.91366755087257,0.000914674172248087,0.0268182467303139,0.0220523128854423,"Ano1/Aqp1/Cckar/Ccl5/Cftr/Crhr2/Nr1h4/Sstr5/Trpv4/F2rl1/Fgb/Nkx6-1/Ptprv",13
"GO:0030198","BP","GO:0030198","extracellular matrix organization","13/406","333/28928",0.039039039039039,2.78157960916582,3.90127914841097,0.000940029077192686,0.0272329328477046,0.0223933041553754,"App/Col4a3/Col6a1/Col8a1/Col8a2/Fap/Fermt1/Lgals3/Loxl2/Sulf1/Tfap2a/Has2/Plg",13
"GO:0046189","BP","GO:0046189","phenol-containing compound biosynthetic process","5/406","54/28928",0.0925925925925926,6.59733625250867,4.91190012964103,0.000955172085956498,0.0272329328477046,0.0223933041553754,"Crhr2/Hdc/Oca2/Tyrp1/Slc45a2",5
"GO:0090279","BP","GO:0090279","regulation of calcium ion import","5/406","54/28928",0.0925925925925926,6.59733625250867,4.91190012964103,0.000955172085956498,0.0272329328477046,0.0223933041553754,"Ace/Crhr2/Kcnn4/Lgals3/Prnp",5
"GO:0002688","BP","GO:0002688","regulation of leukocyte chemotaxis","8/406","143/28928",0.0559440559440559,3.98608288263461,4.27082215150267,0.000963151449303618,0.0272329328477046,0.0223933041553754,"App/Ccl5/Hc/Lbp/Slamf8/Trpv4/F2rl1/Slamf1",8
"GO:0045229","BP","GO:0045229","external encapsulating structure organization","13/406","334/28928",0.0389221556886228,2.77325152650364,3.88893644892481,0.000965970332933588,0.0272329328477046,0.0223933041553754,"App/Col4a3/Col6a1/Col8a1/Col8a2/Fap/Fermt1/Lgals3/Loxl2/Sulf1/Tfap2a/Has2/Plg",13
"GO:1903036","BP","GO:1903036","positive regulation of response to wounding","6/406","81/28928",0.0740740740740741,5.27786900200693,4.59985763301455,0.000985328228388005,0.0274781846785058,0.0225949717051949,"Cd24a/Cldn1/Cldn3/Clec7a/Fermt1/Plg",6
"GO:0043062","BP","GO:0043062","extracellular structure organization","13/406","335/28928",0.0388059701492537,2.76497316373796,3.87663912496097,0.000992508516024577,0.0274781846785058,0.0225949717051949,"App/Col4a3/Col6a1/Col8a1/Col8a2/Fap/Fermt1/Lgals3/Loxl2/Sulf1/Tfap2a/Has2/Plg",13
"GO:0006837","BP","GO:0006837","serotonin transport","4/406","32/28928",0.125,8.9064039408867,5.33899913483359,0.00100732585727989,0.0274781846785058,0.0225949717051949,"Crhr2/Lgals3/Slc18a3/Slc22a2",4
"GO:0070661","BP","GO:0070661","leukocyte proliferation","14/406","378/28928",0.037037037037037,2.63893450100347,3.8267418686195,0.00100756099772264,0.0274781846785058,0.0225949717051949,"Ccl5/Cd24a/Cd79a/Foxj1/Gal/H2-DMb2/Lgals3/Pla2g5/Prlr/Prnp/Slc4a1/Cd6/F2rl1/Slamf1",14
"GO:1901605","BP","GO:1901605","alpha-amino acid metabolic process","10/406","216/28928",0.0462962962962963,3.29866812625433,4.04572308507289,0.00101551647619863,0.0274781846785058,0.0225949717051949,"Got1l1/Hdc/Nr1h4/Oca2/Tyrp1/Hao1/Hgd/Hpd/Otc/Slc45a2",10
"GO:0046651","BP","GO:0046651","lymphocyte proliferation","13/406","336/28928",0.0386904761904762,2.75674407694112,3.86438685241619,0.00101965432913419,0.0274781846785058,0.0225949717051949,"Ccl5/Cd24a/Cd79a/Foxj1/Gal/H2-DMb2/Lgals3/Pla2g5/Prlr/Prnp/Slc4a1/Cd6/Slamf1",13
"GO:0009914","BP","GO:0009914","hormone transport","15/406","425/28928",0.0352941176470588,2.51474934801507,3.75331210663351,0.00109408506071479,0.0292496645820432,0.0240516377391799,"Ano1/Aqp1/Cckar/Ccl5/Cftr/Crhr2/Gal/Galr1/Nr1h4/Sstr5/Trpv4/F2rl1/Fgb/Nkx6-1/Ptprv",15
"GO:0034638","BP","GO:0034638","phosphatidylcholine catabolic process","3/406","15/28928",0.2,14.2502463054187,6.12417693585863,0.00110135162682727,0.0292496645820432,0.0240516377391799,"Enpp2/Pla2g5/Pnliprp2",3
"GO:0051453","BP","GO:0051453","regulation of intracellular pH","6/406","83/28928",0.072289156626506,5.15069143569351,4.51802833490514,0.00111944179370522,0.0292602501765572,0.0240603421427395,"Cftr/Oca2/Slamf8/Slc4a1/Slc4a5/Slc45a2",6
"GO:0035094","BP","GO:0035094","response to nicotine","5/406","56/28928",0.0892857142857143,6.36171710063336,4.79164021781558,0.00112761733695488,0.0292602501765572,0.0240603421427395,"Chrna3/Chrnb3/Chrnb4/Ntrk1/Nkx6-1",5
"GO:0046688","BP","GO:0046688","response to copper ion","4/406","33/28928",0.121212121212121,8.63651291237498,5.23679336578078,0.0011336850000194,0.0292602501765572,0.0240603421427395,"Aqp1/Cyp1a1/Loxl2/Prnp",4
"GO:0060706","BP","GO:0060706","cell differentiation involved in embryonic placenta development","4/406","33/28928",0.121212121212121,8.63651291237498,5.23679336578078,0.0011336850000194,0.0292602501765572,0.0240603421427395,"E2f7/Krt8/Sox15/Plg",4
"GO:0002790","BP","GO:0002790","peptide secretion","13/406","341/28928",0.0381231671554252,2.71632260953729,3.80379014633556,0.00116488130748836,0.029855174768845,0.0245495412833211,"Ano1/Aqp1/Cckar/Ccl5/Cftr/Crhr2/Nr1h4/Sstr5/Trpv4/F2rl1/Fgb/Nkx6-1/Ptprv",13
"GO:0031640","BP","GO:0031640","killing of cells of another organism","7/406","115/28928",0.0608695652173913,4.33703148425787,4.27798947279175,0.00121800866066939,0.030786218905885,0.0253151273720252,"Clec7a/Hc/Lgals3/Nlrp6/C8b/F2rl1/Hamp",7
"GO:0141061","BP","GO:0141061","disruption of cell in another organism","7/406","115/28928",0.0608695652173913,4.33703148425787,4.27798947279175,0.00121800866066939,0.030786218905885,0.0253151273720252,"Clec7a/Hc/Lgals3/Nlrp6/C8b/F2rl1/Hamp",7
"GO:0032943","BP","GO:0032943","mononuclear cell proliferation","13/406","343/28928",0.0379008746355685,2.70048399373824,3.7798558430037,0.00122761431750638,0.0308164826963074,0.025340012912911,"Ccl5/Cd24a/Cd79a/Foxj1/Gal/H2-DMb2/Lgals3/Pla2g5/Prlr/Prnp/Slc4a1/Cd6/Slamf1",13
"GO:0042116","BP","GO:0042116","macrophage activation","7/406","116/28928",0.0603448275862069,4.29964328180737,4.24848422514637,0.00128090046996331,0.0319353756626907,0.0262600647726814,"App/Kcnn4/Lbp/Pla2g5/Tlr1/Hamp/Rora",7
"GO:0007338","BP","GO:0007338","single fertilization","9/406","186/28928",0.0483870967741935,3.44764023518195,3.99549222661176,0.00132091876226554,0.0325593255266535,0.0267731310354876,"Adam3/Ccdc146/Col6a1/Folr1/Spag8/Syt6/Tmem95/Actl9/Glra1",9
"GO:0032222","BP","GO:0032222","regulation of synaptic transmission, cholinergic","3/406","16/28928",0.1875,13.35960591133,5.89997639281689,0.00134146197940646,0.0325593255266535,0.0267731310354876,"Chrna3/Musk/Slc18a3",3
"GO:0046541","BP","GO:0046541","saliva secretion","3/406","16/28928",0.1875,13.35960591133,5.89997639281689,0.00134146197940646,0.0325593255266535,0.0267731310354876,"Aqp1/Aqp5/Kcnn4",3
"GO:0051782","BP","GO:0051782","negative regulation of cell division","3/406","16/28928",0.1875,13.35960591133,5.89997639281689,0.00134146197940646,0.0325593255266535,0.0267731310354876,"Aurkb/Chmp4c/E2f7",3
"GO:0046883","BP","GO:0046883","regulation of hormone secretion","13/406","348/28928",0.0373563218390805,2.66168393635694,3.72076000369885,0.00139686847534559,0.0336810721193526,0.0276955293969143,"Ano1/Cckar/Ccl5/Cftr/Crhr2/Gal/Galr1/Nr1h4/Sstr5/F2rl1/Fgb/Nkx6-1/Ptprv",13
"GO:0042044","BP","GO:0042044","fluid transport","4/406","35/28928",0.114285714285714,8.1429978888107,5.04478836716588,0.00141898012500691,0.0339906023408517,0.0279500522730979,"Aqp1/Aqp5/Cftr/Has2",4
"GO:0015833","BP","GO:0015833","peptide transport","13/406","351/28928",0.037037037037037,2.63893450100347,3.68579829872903,0.00150742428268962,0.0357624125124714,0.0294069898824458,"Ano1/Aqp1/Cckar/Ccl5/Cftr/Crhr2/Nr1h4/Sstr5/Trpv4/F2rl1/Fgb/Nkx6-1/Ptprv",13
"GO:0070509","BP","GO:0070509","calcium ion import","6/406","88/28928",0.0681818181818182,4.85803851321093,4.32449095987908,0.00151599065150982,0.0357624125124714,0.0294069898824458,"Ace/Crhr2/Kcnn4/Lgals3/Prnp/Trpv4",6
"GO:0071674","BP","GO:0071674","mononuclear cell migration","10/406","228/28928",0.043859649122807,3.12505401434621,3.84344946608333,0.00152222001417341,0.0357624125124714,0.0294069898824458,"App/Ccl5/Gpr15/Hc/Kcnn4/Lgals3/Slamf8/Trpv4/Plg/Slamf1",10
"GO:0044060","BP","GO:0044060","regulation of endocrine process","5/406","60/28928",0.0833333333333333,5.9376026272578,4.56781113810599,0.00154025488203191,0.0359556314818278,0.0295658714532844,"Crhr2/Gal/Galr1/Kcnn4/F2rl1",5
"GO:0072531","BP","GO:0072531","pyrimidine-containing compound transmembrane transport","3/406","17/28928",0.176470588235294,12.5737467400753,5.69497216086718,0.00161204882586389,0.0373934110556402,0.0307481398297689,"Slc22a2/Slc44a4/Slc47a1",3
"GO:0001942","BP","GO:0001942","hair follicle development","7/406","122/28928",0.0573770491803279,4.08818541548898,4.07818132507683,0.00171343319351334,0.0394951739259521,0.0324763934659297,"Col6a1/Edar/Fermt1/Gal/Pkp3/Sostdc1/Krt28",7
"GO:0010574","BP","GO:0010574","regulation of vascular endothelial growth factor production","4/406","37/28928",0.108108108108108,7.70283584076688,4.86746553297489,0.00175083742316879,0.04010511972446,0.0329779443587647,"Hc/Sulf1/Nutf2-ps1/Rora",4
"GO:0030641","BP","GO:0030641","regulation of cellular pH","6/406","91/28928",0.0659340659340659,4.69788339739079,4.21525252302568,0.00180042608305647,0.0409848546236147,0.0337013394951989,"Cftr/Oca2/Slamf8/Slc4a1/Slc4a5/Slc45a2",6
"GO:0015908","BP","GO:0015908","fatty acid transport","7/406","124/28928",0.0564516129032258,4.02224694104561,4.02382528144398,0.00188033199237129,0.0423834491201822,0.0348513864668863,"Ace/Pla2g4f/Pla2g5/Slc22a2/Slc43a3/Slc22a7/Slc27a6",7
"GO:0060263","BP","GO:0060263","regulation of respiratory burst","3/406","18/28928",0.166666666666667,11.8752052545156,5.50648418124015,0.00191443921226754,0.0423834491201822,0.0348513864668863,"Clec7a/Lbp/Slamf8",3
"GO:0071280","BP","GO:0071280","cellular response to copper ion","3/406","18/28928",0.166666666666667,11.8752052545156,5.50648418124015,0.00191443921226754,0.0423834491201822,0.0348513864668863,"Aqp1/Cyp1a1/Prnp",3
"GO:0043030","BP","GO:0043030","regulation of macrophage activation","5/406","63/28928",0.0793650793650794,5.65485964500743,4.41281591838872,0.00191559111240725,0.0423834491201822,0.0348513864668863,"Kcnn4/Lbp/Pla2g5/Hamp/Rora",5
"GO:0090068","BP","GO:0090068","positive regulation of cell cycle process","11/406","276/28928",0.0398550724637681,2.83972299564503,3.66398960993604,0.00193125129688142,0.0423834491201822,0.0348513864668863,"App/Aurkb/Cyp1a1/E2f7/Kcnn4/Mapk15/Pkp3/Sox15/Sstr5/Bub1/Mir124a-3",11
"GO:0090276","BP","GO:0090276","regulation of peptide hormone secretion","11/406","276/28928",0.0398550724637681,2.83972299564503,3.66398960993604,0.00193125129688142,0.0423834491201822,0.0348513864668863,"Ano1/Cckar/Ccl5/Cftr/Crhr2/Nr1h4/Sstr5/F2rl1/Fgb/Nkx6-1/Ptprv",11
"GO:0022404","BP","GO:0022404","molting cycle process","7/406","125/28928",0.056,3.99006896551724,3.99707296759473,0.00196836894828353,0.0424642180703948,0.0349178017765607,"Col6a1/Edar/Fermt1/Gal/Pkp3/Sostdc1/Krt28",7
"GO:0022405","BP","GO:0022405","hair cycle process","7/406","125/28928",0.056,3.99006896551724,3.99707296759473,0.00196836894828353,0.0424642180703948,0.0349178017765607,"Col6a1/Edar/Fermt1/Gal/Pkp3/Sostdc1/Krt28",7
"GO:0008203","BP","GO:0008203","cholesterol metabolic process","8/406","160/28928",0.05,3.56256157635468,3.87796774987644,0.0019696908791179,0.0424642180703948,0.0349178017765607,"App/Cftr/Cubn/Ttc39d/Apoa5/Ces1c/Pon1/Soat2",8
"GO:0001667","BP","GO:0001667","ameboidal-type cell migration","11/406","278/28928",0.039568345323741,2.81929333380586,3.63653305731594,0.00204299421944439,0.0432718474928968,0.0355819054705718,"Aqp1/Enpp2/Eppk1/Fermt1/Folr1/Sema3b/Tfap2a/Fat2/Gdf6/Has2/Rab25",11
"GO:0001959","BP","GO:0001959","regulation of cytokine-mediated signaling pathway","8/406","161/28928",0.0496894409937888,3.5404338647003,3.85654383000717,0.00204791073652939,0.0432718474928968,0.0355819054705718,"Ccl5/Cd24a/Naip1/Nlrp6/Nr1h4/Rbm47/Tslp/F2rl1",8
"GO:0050832","BP","GO:0050832","defense response to fungus","5/406","64/28928",0.078125,5.56650246305419,4.36335101873019,0.00205437966269142,0.0432718474928968,0.0355819054705718,"App/Clec7a/Pla2g5/Tslp/Hamp",5
"GO:0090303","BP","GO:0090303","positive regulation of wound healing","5/406","64/28928",0.078125,5.56650246305419,4.36335101873019,0.00205437966269142,0.0432718474928968,0.0355819054705718,"Cldn1/Cldn3/Clec7a/Fermt1/Plg",5
"GO:0032680","BP","GO:0032680","regulation of tumor necrosis factor production","9/406","199/28928",0.0452261306532663,3.22241750625046,3.75332921920642,0.00209882984815179,0.0439554936770075,0.0361440592797509,"App/Cd24a/Clec7a/Kcnn4/Lbp/Nr1h4/Tlr1/Slamf1/Tnfrsf8",9
"GO:0007204","BP","GO:0007204","positive regulation of cytosolic calcium ion concentration","9/406","200/28928",0.045,3.20630541871921,3.73553371264823,0.00217120748488006,0.0449574883168668,0.0369679870901672,"Cckar/Cd24a/Cxcr6/Galr1/Ptgir/Trhr/Trpv4/Ccr9/F2rl1",9
"GO:0048592","BP","GO:0048592","eye morphogenesis","9/406","200/28928",0.045,3.20630541871921,3.73553371264823,0.00217120748488006,0.0449574883168668,0.0369679870901672,"Aqp1/Aqp5/Col8a1/Col8a2/Irx5/Otx2/Six3/Stra6/Tfap2a",9
"GO:0002791","BP","GO:0002791","regulation of peptide secretion","11/406","281/28928",0.0391459074733096,2.78919411671897,3.59580203758836,0.00222041723588056,0.0454627327905155,0.0373834433773952,"Ano1/Cckar/Ccl5/Cftr/Crhr2/Nr1h4/Sstr5/F2rl1/Fgb/Nkx6-1/Ptprv",11
"GO:0090087","BP","GO:0090087","regulation of peptide transport","11/406","281/28928",0.0391459074733096,2.78919411671897,3.59580203758836,0.00222041723588056,0.0454627327905155,0.0373834433773952,"Ano1/Cckar/Ccl5/Cftr/Crhr2/Nr1h4/Sstr5/F2rl1/Fgb/Nkx6-1/Ptprv",11
"GO:0060707","BP","GO:0060707","trophoblast giant cell differentiation","3/406","19/28928",0.157894736842105,11.2501944516464,5.33233096254587,0.00224988622327965,0.0455944021915061,0.0374917134987526,"E2f7/Sox15/Plg",3
"GO:0007589","BP","GO:0007589","body fluid secretion","7/406","128/28928",0.0546875,3.89655172413793,3.91845402804178,0.00225172900318216,0.0455944021915061,0.0374917134987526,"Ano1/Aqp1/Aqp5/Kcnn4/Nlrp6/Prlr/Slc4a5",7
"GO:1903555","BP","GO:1903555","regulation of tumor necrosis factor superfamily cytokine production","9/406","202/28928",0.0445544554455446,3.17455982051407,3.70027662936368,0.00232192228176179,0.0467573910036097,0.0384480248275536,"App/Cd24a/Clec7a/Kcnn4/Lbp/Nr1h4/Tlr1/Slamf1/Tnfrsf8",9
"GO:0010466","BP","GO:0010466","negative regulation of peptidase activity","10/406","242/28928",0.0413223140495868,2.94426576558238,3.6237067252182,0.0023546758892572,0.0470496001977134,0.0386883048369508,"App/Aqp1/Naip1/Pi16/Serpinb1b/Wfikkn2/Ambp/Itih4/Serpina1c/Serpina1d",10
"GO:1903035","BP","GO:1903035","negative regulation of response to wounding","6/406","96/28928",0.0625,4.45320197044335,4.04338353928043,0.00236210816817988,0.0470496001977134,0.0386883048369508,"Cd24a/Cldn3/Eppk1/Klkb1/Fgb/Plg",6
"GO:0006959","BP","GO:0006959","humoral immune response","12/406","327/28928",0.036697247706422,2.61472409273738,3.50353386265245,0.00243525873426584,0.0482444500599152,0.0396708151135312,"App/Ccl5/Foxj1/Hc/Lgals3/Tslp/C7/C8b/Ccl24/Cfhr2/Fgb/Hamp",12
"GO:0048593","BP","GO:0048593","camera-type eye morphogenesis","8/406","166/28928",0.0481927710843374,3.43379429046234,3.75191592406684,0.00247641327467099,0.0485350516132042,0.0399097731797526,"Aqp1/Aqp5/Col8a1/Col8a2/Irx5/Six3/Stra6/Tfap2a",8
"GO:0098773","BP","GO:0098773","skin epidermis development","8/406","166/28928",0.0481927710843374,3.43379429046234,3.75191592406684,0.00247641327467099,0.0485350516132042,0.0399097731797526,"Cldn1/Col6a1/Edar/Fermt1/Gal/Pkp3/Sostdc1/Krt28",8
"GO:0032640","BP","GO:0032640","tumor necrosis factor production","9/406","205/28928",0.0439024390243902,3.12810284753094,3.64820614944261,0.00256346786875321,0.0486910123687184,0.0400380177817594,"App/Cd24a/Clec7a/Kcnn4/Lbp/Nr1h4/Tlr1/Slamf1/Tnfrsf8",9
"GO:0032612","BP","GO:0032612","interleukin-1 production","7/406","131/28928",0.0534351145038168,3.80731771518821,3.84218540254187,0.00256556766168352,0.0486910123687184,0.0400380177817594,"App/Clec7a/Nlrp6/Nr1h4/Serpinb1b/F2rl1/Nlrp1a",7
"GO:0010573","BP","GO:0010573","vascular endothelial growth factor production","4/406","41/28928",0.0975609756097561,6.95133966117986,4.54967287789189,0.00256905375392995,0.0486910123687184,0.0400380177817594,"Hc/Sulf1/Nutf2-ps1/Rora",4
"GO:0008037","BP","GO:0008037","cell recognition","8/406","167/28928",0.0479041916167665,3.41323264800448,3.73147179677006,0.00256996333252834,0.0486910123687184,0.0400380177817594,"Adam3/App/Clec7a/Folr1/Lbp/Lgals3/Pla2g5/Cd6",8
"GO:0001991","BP","GO:0001991","regulation of systemic arterial blood pressure by circulatory renin-angiotensin","3/406","20/28928",0.15,10.687684729064,5.17071616189646,0.00261957121334444,0.0486910123687184,0.0400380177817594,"Ace/Kcnn4/F2rl1",3
"GO:0031268","BP","GO:0031268","pseudopodium organization","3/406","20/28928",0.15,10.687684729064,5.17071616189646,0.00261957121334444,0.0486910123687184,0.0400380177817594,"Ccl5/F2rl1/Rab25",3
"GO:0060457","BP","GO:0060457","negative regulation of digestive system process","3/406","20/28928",0.15,10.687684729064,5.17071616189646,0.00261957121334444,0.0486910123687184,0.0400380177817594,"Crhr2/Hamp/Npsr1",3
"GO:0098543","BP","GO:0098543","detection of other organism","3/406","20/28928",0.15,10.687684729064,5.17071616189646,0.00261957121334444,0.0486910123687184,0.0400380177817594,"Clec7a/Naip1/Tlr1",3
"GO:1901881","BP","GO:1901881","positive regulation of protein depolymerization","3/406","20/28928",0.15,10.687684729064,5.17071616189646,0.00261957121334444,0.0486910123687184,0.0400380177817594,"Aurkb/Trpv4/F2rl1",3
"GO:1904478","BP","GO:1904478","regulation of intestinal absorption","3/406","20/28928",0.15,10.687684729064,5.17071616189646,0.00261957121334444,0.0486910123687184,0.0400380177817594,"Cldn2/Cyp8b1/Hamp",3
"GO:0042098","BP","GO:0042098","T cell proliferation","10/406","246/28928",0.040650406504065,2.89639152549161,3.56381843903945,0.00264991499044259,0.0486910123687184,0.0400380177817594,"Ccl5/Cd24a/Foxj1/H2-DMb2/Lgals3/Pla2g5/Prnp/Slc4a1/Cd6/Slamf1",10
"GO:0032649","BP","GO:0032649","regulation of type II interferon production","7/406","132/28928",0.053030303030303,3.77847439916405,3.81726235594232,0.00267731608766871,0.0486910123687184,0.0400380177817594,"App/Clec7a/Nlrp6/Nr1h4/Prnp/F2rl1/Slamf1",7
"GO:0001822","BP","GO:0001822","kidney development","13/406","375/28928",0.0346666666666667,2.47004269293924,3.41856967407965,0.00268070716219659,0.0486910123687184,0.0400380177817594,"Ace/Aqp1/Cd24a/Col4a3/Epcam/Foxj1/Hc/Slc12a1/Stra6/Sulf1/Tfap2a/Gdf6/Has2",13
"GO:0034765","BP","GO:0034765","regulation of monoatomic ion transmembrane transport","13/406","375/28928",0.0346666666666667,2.47004269293924,3.41856967407965,0.00268070716219659,0.0486910123687184,0.0400380177817594,"Cftr/Fxyd3/Gal/Kcne2/Kcnj13/Kcnmb1/Kcnn4/Prnp/Hamp/Npsr1/Scn4b/Slc26a5/Tmc2",13
"GO:0033344","BP","GO:0033344","cholesterol efflux","5/406","68/28928",0.0735294117647059,5.23906114169806,4.17542512706978,0.00268365197775747,0.0486910123687184,0.0400380177817594,"Ttc39d/Apoa5/Ces1c/Pon1/Soat2",5
"GO:0007043","BP","GO:0007043","cell-cell junction assembly","8/406","169/28928",0.0473372781065089,3.37283936222928,3.6910465877792,0.00276534278770126,0.0499260163395326,0.0410535462856557,"Ace/Cdh26/Cldn1/Cldn2/Cldn3/Nr1h4/Pkp3/Trpv4",8
"GO:0031514","CC","GO:0031514","motile cilium","22/395","360/28829",0.0611111111111111,4.46018284106892,7.78665651083382,6.69565314279644e-09,2.48408731597748e-06,2.00869594283893e-06,"Ace/Ak7/Ak8/Cd24a/Dnajb13/Dnali1/Dydc1/Efhb/Enkur/Fbxl13/Lrrc23/Mlf1/Morn5/Rsph1/Rsph4a/Spag16/Spag17/Spag8/Tcp11/Tekt1/Tekt2/Qrich2",22
"GO:0005930","CC","GO:0005930","axoneme","16/395","207/28829",0.0772946859903382,5.64133798079863,7.89887431994484,3.1705544097496e-08,3.53150426974729e-06,2.85566382998433e-06,"Ak8/Ccdc113/Dnajb13/Dnali1/Dydc1/Efhb/Enkur/Hydin/Lrrc43/Rsph1/Rsph4a/Spag16/Spag17/Spag8/Tekt1/Tekt2",16
"GO:0097014","CC","GO:0097014","ciliary plasm","16/395","208/28829",0.0769230769230769,5.61421616358325,7.87179955448736,3.39238416498342e-08,3.53150426974729e-06,2.85566382998433e-06,"Ak8/Ccdc113/Dnajb13/Dnali1/Dydc1/Efhb/Enkur/Hydin/Lrrc43/Rsph1/Rsph4a/Spag16/Spag17/Spag8/Tekt1/Tekt2",16
"GO:0045178","CC","GO:0045178","basal part of cell","21/395","363/28829",0.0578512396694215,4.22226174286013,7.28178295622954,3.80755177331244e-08,3.53150426974729e-06,2.85566382998433e-06,"Ace/Aqp1/Aqp5/Car9/Cftr/Cldn1/Epcam/Eppk1/Fap/Folr1/Kcnn4/Naip1/Slc16a8/Slc22a2/Slc43a3/Slc4a1/Slc4a5/Slc22a7/Slc26a5/Slc47a1/Slco1b2",21
"GO:0009925","CC","GO:0009925","basal plasma membrane","20/395","341/28829",0.0586510263929619,4.28063402501949,7.18275112752613,6.4389665990315e-08,4.77771321648137e-06,3.8633799594189e-06,"Ace/Aqp1/Aqp5/Car9/Cftr/Cldn1/Epcam/Eppk1/Folr1/Kcnn4/Naip1/Slc16a8/Slc22a2/Slc43a3/Slc4a1/Slc4a5/Slc22a7/Slc26a5/Slc47a1/Slco1b2",20
"GO:0016323","CC","GO:0016323","basolateral plasma membrane","18/395","309/28829",0.058252427184466,4.25154233747081,6.77299441209878,3.2518460714951e-07,1.85939780551503e-05,1.50355617696633e-05,"Aqp1/Car9/Cftr/Cldn1/Epcam/Eppk1/Folr1/Kcnn4/Naip1/Slc16a8/Slc22a2/Slc43a3/Slc4a1/Slc4a5/Slc22a7/Slc26a5/Slc47a1/Slco1b2",18
"GO:0097729","CC","GO:0097729","9+2 motile cilium","17/395","278/28829",0.0611510791366906,4.46309989982697,6.83854297863433,3.50829774625477e-07,1.85939780551503e-05,1.50355617696633e-05,"Ace/Ak8/Dnajb13/Dnali1/Dydc1/Efhb/Enkur/Lrrc23/Morn5/Rsph1/Rsph4a/Spag16/Spag8/Tcp11/Tekt1/Tekt2/Qrich2",17
"GO:0036126","CC","GO:0036126","sperm flagellum","16/395","253/28829",0.0632411067193676,4.61564016610797,6.80818846249929,4.96138315331178e-07,2.30084143734834e-05,1.86051868249192e-05,"Ace/Ak8/Dnajb13/Dnali1/Dydc1/Efhb/Enkur/Lrrc23/Morn5/Rsph1/Spag16/Spag8/Tcp11/Tekt1/Tekt2/Qrich2",16
"GO:0016324","CC","GO:0016324","apical plasma membrane","21/395","484/28829",0.0433884297520661,3.1666963071451,5.66590538882508,4.1120463846252e-06,0.000169507689855106,0.00013706821282084,"Ano1/Aqp1/Aqp5/Cftr/Cldn1/Cubn/Epcam/Folr1/Kcne2/Kcnn4/Slc12a1/Slc16a8/Slc22a18/Slc22a2/Slc44a4/Slc4a5/Slc5a7/Tjp3/Trpv4/Slc22a7/Slc47a1",21
"GO:0032838","CC","GO:0032838","plasma membrane bounded cell projection cytoplasm","16/395","307/28829",0.0521172638436482,3.80376860594566,5.82114200010112,6.12263330919725e-06,0.000227149695771218,0.000183678999275918,"Ak8/Ccdc113/Dnajb13/Dnali1/Dydc1/Efhb/Enkur/Hydin/Lrrc43/Rsph1/Rsph4a/Spag16/Spag17/Spag8/Tekt1/Tekt2",16
"GO:0099568","CC","GO:0099568","cytoplasmic region","17/395","351/28829",0.0484330484330484,3.5348768437376,5.63173880568229,8.29618327502889e-06,0.000279807635912338,0.000226259543864424,"Ak8/Ccdc113/Dnajb13/Dnali1/Dydc1/Efhb/Enkur/Hydin/Lrrc43/Rsph1/Rsph4a/Spag16/Spag17/Spag8/Tekt1/Tekt2/Hamp",17
"GO:0098981","CC","GO:0098981","cholinergic synapse","5/395","22/28829",0.227272727272727,16.5874568469505,8.62034035335277,1.02317935496083e-05,0.00031633295057539,0.000255794838740207,"Chrna3/Chrnb4/Gpr151/Slc18a3/Slc22a2",5
"GO:0001534","CC","GO:0001534","radial spoke","4/395","16/28829",0.25,18.2462025316456,8.13291172795231,5.544829862819e-05,0.00158240913777373,0.001279576122189,"Dnajb13/Dydc1/Rsph1/Rsph4a",4
"GO:0043235","CC","GO:0043235","receptor complex","17/395","416/28829",0.0408653846153846,2.9825523369036,4.80064515264835,7.09017204339977e-05,0.00187889559150094,0.00151932258072852,"App/Cd79a/Cd79b/Chrna3/Chrnb3/Chrnb4/Cubn/Gabre/Musk/Nr1h4/Ntrk1/Prlr/Tlr1/Traf1/Cd6/Gp9/Pigr",17
"GO:0034702","CC","GO:0034702","monoatomic ion channel complex","14/395","349/28829",0.0401146131805158,2.92775742628124,4.27053151144288,0.000365707786454388,0.00904517258497186,0.00731415572908775,"Ano1/Cftr/Chrna3/Chrnb3/Chrnb4/Clic6/Cnga2/Kcne2/Kcnj13/Kcnmb1/Scn4a/Glra1/Kcnh7/Scn4b",14
"GO:0031253","CC","GO:0031253","cell projection membrane","15/395","396/28829",0.0378787878787879,2.76457614115842,4.16738359937296,0.000417570980608676,0.00968242711286368,0.00782945588641268,"Ace/Aqp1/Arl13a/Car9/Cd24a/Cnga2/Cubn/Fap/Fermt1/Folr1/Gabre/Kcnn4/Pla2g4f/Trpv4/Rab25",15
"GO:0097649","CC","GO:0097649","A axonemal microtubule","5/395","47/28829",0.106382978723404,7.7643415028279,5.47016963820424,0.000450022071898362,0.00982106992201719,0.00794156597467697,"Efhb/Enkur/Spag8/Tekt1/Tekt2",5
"GO:0160110","CC","GO:0160110","axonemal microtubule doublet inner sheath","5/395","49/28829",0.102040816326531,7.44742960475329,5.32385329210355,0.00054705690368187,0.0112754506258874,0.00911761506136449,"Efhb/Enkur/Spag8/Tekt1/Tekt2",5
"GO:0097545","CC","GO:0097545","axonemal doublet microtubule","5/395","52/28829",0.0961538461538462,7.01777020447907,5.11919105228775,0.000721014342187782,0.0140787537342983,0.0113844369819123,"Efhb/Enkur/Spag8/Tekt1/Tekt2",5
"GO:0005581","CC","GO:0005581","collagen trimer","6/395","83/28829",0.072289156626506,5.27601037059631,4.59807351267433,0.000989488455383134,0.0172535795858645,0.0139516816058203,"Col4a3/Col6a1/Col8a1/Col8a2/C1ql4/C1qtnf9",6
"GO:0045121","CC","GO:0045121","membrane raft","13/395","344/28829",0.0377906976744186,2.75814689431852,3.86645617711492,0.00101505495403919,0.0172535795858645,0.0139516816058203,"Adam3/App/Aqp1/Cd24a/Cd79a/Chrna3/Prnp/Slc5a7/Stoml3/Sulf1/Tlr1/Tuba1c/Has2",13
"GO:0160111","CC","GO:0160111","axonemal A tubule inner sheath","4/395","33/28829",0.121212121212121,8.84664365170694,5.31571443765109,0.00103731111022059,0.0172535795858645,0.0139516816058203,"Efhb/Spag8/Tekt1/Tekt2",4
"GO:0098857","CC","GO:0098857","membrane microdomain","13/395","346/28829",0.0375722543352601,2.74220384868662,3.84265131655865,0.00106962892311289,0.0172535795858645,0.0139516816058203,"Adam3/App/Aqp1/Cd24a/Cd79a/Chrna3/Prnp/Slc5a7/Stoml3/Sulf1/Tlr1/Tuba1c/Has2",13
"GO:0030666","CC","GO:0030666","endocytic vesicle membrane","6/395","85/28829",0.0705882352941176,5.15186895011169,4.51820906610562,0.00112064206399076,0.0172593091159547,0.01395631464902,"Cubn/Scara5/Slc18a3/Tlr1/Tyrp1/H2-Q10",6
"GO:0034364","CC","GO:0034364","high-density lipoprotein particle","4/395","34/28829",0.117647058823529,8.58644825018615,5.21682467955401,0.00116302622075167,0.0172593091159547,0.01395631464902,"App/Apoa5/Apoc4/Pon1",4
"GO:0005892","CC","GO:0005892","acetylcholine-gated channel complex","3/395","16/28829",0.1875,13.6846518987342,5.98178955644935,0.00125194263626979,0.0176503946793314,0.0142725563444728,"Chrna3/Chrnb3/Chrnb4",3
"GO:0005879","CC","GO:0005879","axonemal microtubule","5/395","59/28829",0.0847457627118644,6.18515340055782,4.69898987426765,0.00128453007100255,0.0176503946793314,0.0142725563444728,"Efhb/Enkur/Spag8/Tekt1/Tekt2",5
"GO:1902495","CC","GO:1902495","transmembrane transporter complex","16/395","491/28829",0.0325865580448065,2.37832375157906,3.63073216867431,0.00134855184182597,0.0178683119041941,0.0144487697338497,"Ano1/Cftr/Chrna3/Chrnb3/Chrnb4/Clic6/Cnga2/Cox8b/Gabre/Kcne2/Kcnj13/Kcnmb1/Scn4a/Glra1/Kcnh7/Scn4b",16
"GO:0005902","CC","GO:0005902","microvillus","7/395","121/28829",0.0578512396694215,4.22226174286013,4.18638201912839,0.00142549865609286,0.0182365517727742,0.0147465378216503,"Aqp5/Calml4/Car9/Cd24a/Cftr/Cubn/Plekhg6",7
"GO:0098858","CC","GO:0098858","actin-based cell projection","11/395","274/28829",0.0401459854014599,2.93004712187009,3.7834581678216,0.00151083695541175,0.0186840170152587,0.0151083695541175,"App/Aqp5/Calml4/Car9/Cd24a/Cftr/Cubn/Dnali1/Plekhg6/Trpv4/Tmc2",11
"GO:0098802","CC","GO:0098802","plasma membrane signaling receptor complex","9/395","196/28829",0.0459183673469388,3.35134332213898,3.89311721317168,0.00160789108496026,0.0192428255651695,0.015560236306067,"Cd79a/Cd79b/Chrna3/Chrnb3/Chrnb4/Tlr1/Traf1/Cd6/Gp9",9
"GO:0005881","CC","GO:0005881","cytoplasmic microtubule","7/395","129/28829",0.0542635658914729,3.96041605338043,3.97185588666542,0.00205670329028604,0.0238449037717537,0.0192815933464316,"Efhb/Enkur/Spag8/Tekt1/Tekt2/Trpv4/Tuba1c",7
"GO:1903561","CC","GO:1903561","extracellular vesicle","7/395","131/28829",0.0534351145038168,3.89995168615325,3.9209149294075,0.00224389977501574,0.0252268732282072,0.0203990888637794,"Ace/Aqp1/Cubn/Slc12a1/Alb/Apoa5/Has2",7
"GO:0034358","CC","GO:0034358","plasma lipoprotein particle","4/395","42/28829",0.0952380952380952,6.95093429776974,4.5488165417568,0.00257575727832739,0.0273030271502703,0.0220779195285205,"App/Apoa5/Apoc4/Pon1",4
"GO:1990777","CC","GO:1990777","lipoprotein particle","4/395","42/28829",0.0952380952380952,6.95093429776974,4.5488165417568,0.00257575727832739,0.0273030271502703,0.0220779195285205,"App/Apoa5/Apoc4/Pon1",4
"GO:0062023","CC","GO:0062023","collagen-containing extracellular matrix","13/395","390/28829",0.0333333333333333,2.43282700421941,3.35780696674327,0.00305008625508081,0.0286464501939868,0.0231642454398815,"Col4a3/Col6a1/Col8a1/Col8a2/Lgals3/Loxl2/Sspo/Ahsg/Alb/Ambp/Fgb/Itih4/Plg",13
"GO:0033162","CC","GO:0033162","melanosome membrane","3/395","22/28829",0.136363636363636,9.95247410817031,4.95099197866291,0.0032395416309159,0.0286464501939868,0.0231642454398815,"Oca2/Tyrp1/Slc45a2",3
"GO:0045009","CC","GO:0045009","chitosome","3/395","22/28829",0.136363636363636,9.95247410817031,4.95099197866291,0.0032395416309159,0.0286464501939868,0.0231642454398815,"Oca2/Tyrp1/Slc45a2",3
"GO:0061702","CC","GO:0061702","canonical inflammasome complex","3/395","22/28829",0.136363636363636,9.95247410817031,4.95099197866291,0.0032395416309159,0.0286464501939868,0.0231642454398815,"Naip1/Nlrp6/Nlrp1a",3
"GO:0090741","CC","GO:0090741","pigment granule membrane","3/395","22/28829",0.136363636363636,9.95247410817031,4.95099197866291,0.0032395416309159,0.0286464501939868,0.0231642454398815,"Oca2/Tyrp1/Slc45a2",3
"GO:0043230","CC","GO:0043230","extracellular organelle","7/395","140/28829",0.05,3.64924050632911,3.70351854989427,0.00325408258781288,0.0286464501939868,0.0231642454398815,"Ace/Aqp1/Cubn/Slc12a1/Alb/Apoa5/Has2",7
"GO:0065010","CC","GO:0065010","extracellular membrane-bounded organelle","7/395","140/28829",0.05,3.64924050632911,3.70351854989427,0.00325408258781288,0.0286464501939868,0.0231642454398815,"Ace/Aqp1/Cubn/Slc12a1/Alb/Apoa5/Has2",7
"GO:0032994","CC","GO:0032994","protein-lipid complex","4/395","45/28829",0.0888888888888889,6.48753867791843,4.34205282923166,0.00332020851304968,0.0286464501939868,0.0231642454398815,"App/Apoa5/Apoc4/Pon1",4
"GO:0005923","CC","GO:0005923","bicellular tight junction","7/395","146/28829",0.0479452054794521,3.49927171839778,3.56832531626884,0.00409905956867547,0.0345625249995136,0.0279481334227873,"Cldn1/Cldn2/Cldn3/Epcam/Eppk1/Mapk15/Tjp3",7
"GO:0005903","CC","GO:0005903","brush border","7/395","150/28829",0.0466666666666667,3.40595780590717,3.48207771090781,0.00474831717975401,0.039147237193083,0.0316554478650267,"Ace/Aqp1/Cubn/Folr1/Scin/Sis/Soat2",7
"GO:0030139","CC","GO:0030139","endocytic vesicle","9/395","232/28829",0.0387931034482759,2.83130728939328,3.30089571427878,0.00493353740503384,0.0397900516797294,0.0321752439458729,"Cubn/Pla2g5/Scara5/Slc18a3/Slc5a7/Tlr1/Tyrp1/H2-Q10/Slamf1",9
"GO:0046930","CC","GO:0046930","pore complex","3/395","26/28829",0.115384615384615,8.42132424537488,4.46206655200705,0.00525261292483636,0.0409490213701736,0.0331124162022967,"Hc/C7/C8b",3
"GO:0005604","CC","GO:0005604","basement membrane","6/395","116/28829",0.0517241379310345,3.7750763858577,3.52981119348835,0.00534457698982435,0.0409490213701736,0.0331124162022967,"Col4a3/Col6a1/Col8a1/Col8a2/Loxl2/Alb",6
"GO:0034707","CC","GO:0034707","chloride channel complex","4/395","52/28829",0.0769230769230769,5.61421616358325,3.9252170314439,0.00559779568458738,0.0409490213701736,0.0331124162022967,"Ano1/Cftr/Clic6/Glra1",4
"GO:0002177","CC","GO:0002177","manchette","3/395","27/28829",0.111111111111111,8.10942334739803,4.35603900732255,0.00584986019573909,0.0409490213701736,0.0331124162022967,"Ppp1r42/Spag17/Stk33",3
"GO:0034361","CC","GO:0034361","very-low-density lipoprotein particle","3/395","27/28829",0.111111111111111,8.10942334739803,4.35603900732255,0.00584986019573909,0.0409490213701736,0.0331124162022967,"App/Apoa5/Apoc4",3
"GO:0034385","CC","GO:0034385","triglyceride-rich plasma lipoprotein particle","3/395","27/28829",0.111111111111111,8.10942334739803,4.35603900732255,0.00584986019573909,0.0409490213701736,0.0331124162022967,"App/Apoa5/Apoc4",3
"GO:0045334","CC","GO:0045334","clathrin-coated endocytic vesicle","3/395","27/28829",0.111111111111111,8.10942334739803,4.35603900732255,0.00584986019573909,0.0409490213701736,0.0331124162022967,"Slc18a3/Slc5a7/Tyrp1",3
"GO:0070160","CC","GO:0070160","tight junction","7/395","157/28829",0.0445859872611465,3.25409981456099,3.33795748202992,0.00606711401806382,0.0416833203833644,0.0337061889892434,"Cldn1/Cldn2/Cldn3/Epcam/Eppk1/Mapk15/Tjp3",7
"GO:0016327","CC","GO:0016327","apicolateral plasma membrane","3/395","29/28829",0.103448275862069,7.55015277171541,4.15949885765794,0.00716197273669358,0.0483107615511512,0.0390653058365104,"Cldn3/Eppk1/Krt8",3
"GO:0008528","MF","GO:0008528","G protein-coupled peptide receptor activity","12/392","120/28409",0.1,7.24719387755102,8.11183965532539,1.11316795160641e-07,3.45896134788272e-05,2.67686240045633e-05,"Cckar/Crhr2/Gal/Galr1/Gpr139/Gpr151/Gpr171/Nlrp6/Prlhr/Sstr5/F2rl1/Npsr1",12
"GO:0008188","MF","GO:0008188","neuropeptide receptor activity","8/392","43/28409",0.186046511627907,13.4831514000949,9.68973643977366,1.16370291552791e-07,3.45896134788272e-05,2.67686240045633e-05,"Gal/Galr1/Gpr139/Gpr151/Gpr171/Prlhr/Sstr5/Npsr1",8
"GO:0015276","MF","GO:0015276","ligand-gated monoatomic ion channel activity","14/392","178/28409",0.0786516853932584,5.70004012841092,7.44048052266292,2.02394262858712e-07,3.45896134788272e-05,2.67686240045633e-05,"Ano1/Aqp1/Cftr/Chrna3/Chrnb3/Chrnb4/Cnga2/Gabre/Kcne2/Kcnj13/Kcnmb1/Kcnn4/Glra1/Kcnh7",14
"GO:0001653","MF","GO:0001653","peptide receptor activity","12/392","129/28409",0.0930232558139535,6.74157570004746,7.73105558623137,2.47126739714561e-07,3.45896134788272e-05,2.67686240045633e-05,"Cckar/Crhr2/Gal/Galr1/Gpr139/Gpr151/Gpr171/Nlrp6/Prlhr/Sstr5/F2rl1/Npsr1",12
"GO:0022834","MF","GO:0022834","ligand-gated channel activity","14/392","183/28409",0.0765027322404372,5.54430132708821,7.29492020171988,2.84454058214039e-07,3.45896134788272e-05,2.67686240045633e-05,"Ano1/Aqp1/Cftr/Chrna3/Chrnb3/Chrnb4/Cnga2/Gabre/Kcne2/Kcnj13/Kcnmb1/Kcnn4/Glra1/Kcnh7",14
"GO:0005216","MF","GO:0005216","monoatomic ion channel activity","21/392","443/28409",0.0474040632054176,3.43546436633344,6.11112284968756,1.14250412785578e-06,0.000115773751622719,8.95963763423747e-05,"Ano1/Aqp1/Cftr/Chrna3/Chrnb3/Chrnb4/Clic6/Cnga2/Gabre/Kcne2/Kcnj13/Kcnmb1/Kcnn4/Oca2/Scn4a/Trpv4/Glra1/Kcnh7/Pkd1l2/Scn4b/Tmc2",21
"GO:0099094","MF","GO:0099094","ligand-gated monoatomic cation channel activity","11/392","125/28409",0.088,6.3775306122449,7.1272178178779,1.36494815149335e-06,0.000118555496586851,9.17491464236883e-05,"Ano1/Aqp1/Chrna3/Chrnb3/Chrnb4/Cnga2/Kcne2/Kcnj13/Kcnmb1/Kcnn4/Kcnh7",11
"GO:0022836","MF","GO:0022836","gated channel activity","16/392","316/28409",0.0506329113924051,3.66946525445621,5.64444573703659,9.57849382000184e-06,0.00072796553032014,0.000563366675992214,"Ano1/Aqp1/Cftr/Chrna3/Chrnb3/Chrnb4/Cnga2/Gabre/Kcne2/Kcnj13/Kcnmb1/Kcnn4/Trpv4/Glra1/Kcnh7/Tmc2",16
"GO:0015103","MF","GO:0015103","inorganic anion transmembrane transporter activity","11/392","159/28409",0.0691823899371069,5.01378192786549,6.00337755785059,1.40072732551798e-05,0.000946269126572144,0.000732310075446241,"Ano1/Cftr/Clic6/Gabre/Oca2/Slc12a1/Slc13a4/Slc4a1/Slc4a5/Glra1/Slc26a5",11
"GO:0005261","MF","GO:0005261","monoatomic cation channel activity","16/392","334/28409",0.0479041916167665,3.47170964194061,5.37481289909702,1.89693312806605e-05,0.00115333534186416,0.000892556956047918,"Ano1/Aqp1/Chrna3/Chrnb3/Chrnb4/Cnga2/Kcne2/Kcnj13/Kcnmb1/Kcnn4/Scn4a/Trpv4/Kcnh7/Pkd1l2/Scn4b/Tmc2",16
"GO:0030414","MF","GO:0030414","peptidase inhibitor activity","12/392","208/28409",0.0576923076923077,4.18107339089482,5.44660211262684,3.53507235921668e-05,0.00177094697172997,0.001370521634978,"App/Hc/Naip1/Pi16/Prnp/Serpinb1b/Wfikkn2/Ahsg/Ambp/Itih4/Serpina1c/Serpina1d",12
"GO:0008514","MF","GO:0008514","organic anion transmembrane transporter activity","14/392","278/28409",0.0503597122302158,3.64966598150051,5.25138054220904,3.64136308578795e-05,0.00177094697172997,0.001370521634978,"Cftr/Slc16a8/Slc22a18/Slc22a2/Slc25a41/Slc43a3/Slc44a4/Slc4a1/Slc4a5/Slc22a7/Slc26a5/Slc27a6/Slc47a1/Slco1b2",14
"GO:0061134","MF","GO:0061134","peptidase regulator activity","14/392","279/28409",0.0501792114695341,3.63658474142345,5.23493770529414,3.78656424876473e-05,0.00177094697172997,0.001370521634978,"App/Hc/Naip1/Pcolce/Pi16/Prnp/Serpinb1b/Wfikkn2/Ahsg/Ambp/Itih4/Nlrp1a/Serpina1c/Serpina1d",14
"GO:0008509","MF","GO:0008509","monoatomic anion transmembrane transporter activity","10/392","153/28409",0.065359477124183,4.73672802454315,5.48194168935632,5.5681443799266e-05,0.00241816555928241,0.00187139890062195,"Ano1/Cftr/Clic6/Gabre/Oca2/Slc12a1/Slc4a1/Slc4a5/Glra1/Slc26a5",10
"GO:0015291","MF","GO:0015291","secondary active transmembrane transporter activity","14/392","294/28409",0.0476190476190476,3.45104470359572,4.99698909437268,6.66027222131384e-05,0.00251413734131378,0.00194567069177157,"Slc12a1/Slc13a4/Slc16a8/Slc18a3/Slc22a18/Slc44a4/Slc4a1/Slc4a5/Slc5a7/Slc22a7/Slc26a5/Slc45a2/Slc47a1/Slco1b2",14
"GO:0090482","MF","GO:0090482","vitamin transmembrane transporter activity","5/392","32/28409",0.15625,11.3237404336735,6.9116442090132,7.22478157770759e-05,0.00251413734131378,0.00194567069177157,"Slc22a2/Slc44a4/Stra6/Gc/Slc47a1",5
"GO:0061135","MF","GO:0061135","endopeptidase regulator activity","12/392","224/28409",0.0535714285714286,3.88242529154519,5.12301464625841,7.2352389789832e-05,0.00251413734131378,0.00194567069177157,"App/Hc/Naip1/Prnp/Serpinb1b/Wfikkn2/Ahsg/Ambp/Itih4/Nlrp1a/Serpina1c/Serpina1d",12
"GO:0015108","MF","GO:0015108","chloride transmembrane transporter activity","9/392","128/28409",0.0703125,5.09568319515306,5.49334036065615,7.44316976046844e-05,0.00251413734131378,0.00194567069177157,"Ano1/Cftr/Clic6/Gabre/Oca2/Slc12a1/Slc4a1/Glra1/Slc26a5",9
"GO:0051087","MF","GO:0051087","protein-folding chaperone binding","10/392","166/28409",0.0602409638554217,4.36577944430784,5.14442491444807,0.000110087224433777,0.00346333606827174,0.00268024796142221,"App/Cd24a/Cftr/Cyp1a1/Dnajb13/Prnp/Alb/Fgb/H2-Q10/Plg",10
"GO:0004866","MF","GO:0004866","endopeptidase inhibitor activity","11/392","200/28409",0.055,3.98595663265306,5.01253244069985,0.000113925528561571,0.00346333606827174,0.00268024796142221,"App/Hc/Naip1/Prnp/Serpinb1b/Wfikkn2/Ahsg/Ambp/Itih4/Serpina1c/Serpina1d",11
"GO:0022804","MF","GO:0022804","active transmembrane transporter activity","17/392","441/28409",0.0385487528344671,2.79370285529178,4.49046832008749,0.00015519143695179,0.00449316160317564,0.00347722167004763,"Abca4/Cftr/Slc12a1/Slc13a4/Slc16a8/Slc18a3/Slc22a18/Slc22a2/Slc44a4/Slc4a1/Slc4a5/Slc5a7/Slc22a7/Slc26a5/Slc45a2/Slc47a1/Slco1b2",17
"GO:0170055","MF","GO:0170055","lipid transmembrane transporter activity","6/392","63/28409",0.0952380952380952,6.90208940719145,5.54731356751057,0.00023252215579274,0.00642606685099937,0.00497308151384474,"Slc22a2/Slc43a3/Stra6/Slc22a7/Slc27a6/Slco1b2",6
"GO:0004620","MF","GO:0004620","phospholipase activity","7/392","95/28409",0.0736842105263158,5.34003759398496,5.01195575370959,0.000351983979899839,0.00909408201661807,0.00703783701770824,"Ccl5/Enpp2/Pla2g4f/Pla2g5/Plbd1/Pnliprp2/Pla2g4d",7
"GO:0005242","MF","GO:0005242","inward rectifier potassium channel activity","4/392","25/28409",0.16,11.5955102040816,6.26913507735061,0.000358976921708608,0.00909408201661807,0.00703783701770824,"Kcne2/Kcnj13/Kcnn4/Kcnh7",4
"GO:0016298","MF","GO:0016298","lipase activity","8/392","127/28409",0.062992125984252,4.56516149766993,4.76297779982247,0.000393676900040625,0.0092647812476255,0.00716993978131682,"Ccl5/Enpp2/Pla2g4f/Pla2g5/Plbd1/Pnliprp2/Ces1c/Pla2g4d",8
"GO:0015132","MF","GO:0015132","prostaglandin transmembrane transporter activity","3/392","11/28409",0.272727272727273,19.7650742115028,7.36300846101508,0.000396191303352406,0.0092647812476255,0.00716993978131682,"Slc22a2/Slc22a7/Slco1b2",3
"GO:0033218","MF","GO:0033218","amide binding","11/392","236/28409",0.0466101694915254,3.37792934970598,4.33901297858198,0.000473825830898346,0.0106698557476368,0.00825731564957351,"Cckar/Crhr2/Folr1/Galr1/Lbp/Prlhr/Prlr/Prnp/Tlr1/Gltpd2/Soat2",11
"GO:0042166","MF","GO:0042166","acetylcholine binding","3/392","12/28409",0.25,18.1179846938775,7.01551526772158,0.000522858578102729,0.0109620005340158,0.00848340415288275,"Chrna3/Chrnb3/Chrnb4",3
"GO:0071714","MF","GO:0071714","icosanoid transmembrane transporter activity","3/392","12/28409",0.25,18.1179846938775,7.01551526772158,0.000522858578102729,0.0109620005340158,0.00848340415288275,"Slc22a2/Slc22a7/Slco1b2",3
"GO:0046873","MF","GO:0046873","metal ion transmembrane transporter activity","16/392","450/28409",0.0355555555555556,2.57678004535147,3.98812813273798,0.000582151321054046,0.011798266773362,0.00913058387758452,"Aqp1/Cnga2/Kcne2/Kcnj13/Kcnmb1/Kcnn4/Scn4a/Slc12a1/Slc13a4/Slc4a5/Slc5a7/Trpv4/Kcnh7/Pkd1l2/Scn4b/Tmc2",16
"GO:0017046","MF","GO:0017046","peptide hormone binding","5/392","51/28409",0.0980392156862745,7.10509203681473,5.16169159689808,0.000680069227939193,0.0133381319544203,0.0103222731710974,"Cckar/Crhr2/Galr1/Prlhr/Prlr",5
"GO:0005539","MF","GO:0005539","glycosaminoglycan binding","11/392","250/28409",0.044,3.18876530612245,4.11162155978761,0.000763573297102819,0.0134546109470967,0.0104124153278259,"App/Ccl5/Fbln7/Pcolce/Pla2g5/Prnp/Sulf1/Tmem184a/Ambp/Apoa5/Cfhr2",11
"GO:0005319","MF","GO:0005319","lipid transporter activity","9/392","175/28409",0.0514285714285714,3.72712827988338,4.28046484129642,0.000763912328828564,0.0134546109470967,0.0104124153278259,"Abca4/Slc22a2/Slc43a3/Stra6/Apoa5/Gltpd2/Slc22a7/Slc27a6/Slco1b2",9
"GO:1904315","MF","GO:1904315","transmitter-gated monoatomic ion channel activity involved in regulation of postsynaptic membrane potential","5/392","53/28409",0.0943396226415094,6.83697535618021,5.03101785660504,0.00081230996621621,0.0134546109470967,0.0104124153278259,"Chrna3/Chrnb3/Chrnb4/Gabre/Glra1",5
"GO:0019842","MF","GO:0019842","vitamin binding","8/392","142/28409",0.0563380281690141,4.08292612819776,4.35632205928029,0.000824478253733069,0.0134546109470967,0.0104124153278259,"Abca4/Cubn/Folr1/Got1l1/Hdc/Stra6/Alb/Gc",8
"GO:0015106","MF","GO:0015106","bicarbonate transmembrane transporter activity","4/392","31/28409",0.129032258064516,9.35121790651744,5.50290884214969,0.000836512940056421,0.0134546109470967,0.0104124153278259,"Cftr/Slc4a1/Slc4a5/Slc26a5",4
"GO:0030246","MF","GO:0030246","carbohydrate binding","12/392","293/28409",0.0409556313993174,2.96813401128369,4.00556936977854,0.000837642704934166,0.0134546109470967,0.0104124153278259,"Cd24a/Clec10a/Clec7a/Enpp2/Lgals12/Lgals3/Loxl2/Pklr/Ambp/Fbp1/Klra2/Pkd1l2",12
"GO:1901474","MF","GO:1901474","azole transmembrane transporter activity","3/392","14/28409",0.214285714285714,15.5297011661808,6.43209294813038,0.000847526388096399,0.0134546109470967,0.0104124153278259,"Slc22a2/Slc44a4/Slc47a1",3
"GO:0005179","MF","GO:0005179","hormone activity","8/392","143/28409",0.0559440559440559,4.05437419723134,4.33122386853887,0.000863042478514427,0.0134546109470967,0.0104124153278259,"Calcb/Crhr2/Gal/Insl6/Ttr/C1qtnf9/Hamp/Inhbc",8
"GO:0015101","MF","GO:0015101","organic cation transmembrane transporter activity","6/392","84/28409",0.0714285714285714,5.17656705539359,4.5344716430238,0.00109187712268936,0.0165965322648783,0.012843922995846,"Slc18a3/Slc22a2/Slc44a3/Slc44a4/Slc5a7/Slc47a1",6
"GO:0099529","MF","GO:0099529","neurotransmitter receptor activity involved in regulation of postsynaptic membrane potential","5/392","57/28409",0.087719298245614,6.35718761188686,4.78889132578364,0.00113312760194426,0.0168034532190759,0.0130040574600535,"Chrna3/Chrnb3/Chrnb4/Gabre/Glra1",5
"GO:1901681","MF","GO:1901681","sulfur compound binding","12/392","306/28409",0.0392156862745098,2.84203681472589,3.832085809033,0.00121531718727832,0.0175099046784233,0.0135507745693477,"App/Ccl5/Fbln7/Glycam1/Pcolce/Pla2g5/Tmem184a/Ambp/Apoa5/Cfhr2/Glra1/Soat2",12
"GO:0022848","MF","GO:0022848","acetylcholine-gated monoatomic cation-selective channel activity","3/392","16/28409",0.1875,13.5884885204082,5.95772545912064,0.0012774456432452,0.0175099046784233,0.0135507745693477,"Chrna3/Chrnb3/Chrnb4",3
"GO:0047498","MF","GO:0047498","calcium-dependent phospholipase A2 activity","3/392","16/28409",0.1875,13.5884885204082,5.95772545912064,0.0012774456432452,0.0175099046784233,0.0135507745693477,"Pla2g4f/Pla2g5/Pla2g4d",3
"GO:0022824","MF","GO:0022824","transmitter-gated monoatomic ion channel activity","5/392","59/28409",0.0847457627118644,6.14168972673815,4.6763594726059,0.00132476252501229,0.0175099046784233,0.0135507745693477,"Chrna3/Chrnb3/Chrnb4/Gabre/Glra1",5
"GO:0022835","MF","GO:0022835","transmitter-gated channel activity","5/392","59/28409",0.0847457627118644,6.14168972673815,4.6763594726059,0.00132476252501229,0.0175099046784233,0.0135507745693477,"Chrna3/Chrnb3/Chrnb4/Gabre/Glra1",5
"GO:0005254","MF","GO:0005254","chloride channel activity","6/392","89/28409",0.0674157303370786,4.88574868149507,4.34285805913916,0.0014737867628067,0.0190651564209889,0.0147543713992071,"Ano1/Cftr/Clic6/Gabre/Oca2/Glra1",6
"GO:0005267","MF","GO:0005267","potassium channel activity","7/392","123/28409",0.0569105691056911,4.12441927990708,4.10760472112116,0.00162997035192772,0.0206462911244177,0.0159779988445546,"Aqp1/Cnga2/Kcne2/Kcnj13/Kcnmb1/Kcnn4/Kcnh7",7
"GO:0140299","MF","GO:0140299","molecular sensor activity","5/392","63/28409",0.0793650793650794,5.75174117265954,4.46611300809423,0.00177834500395398,0.0216246752480804,0.0167351624582617,"Efhb/Syt6/Trpv4/Msh4/Syt2",5
"GO:1901682","MF","GO:1901682","sulfur compound transmembrane transporter activity","5/392","63/28409",0.0793650793650794,5.75174117265954,4.46611300809423,0.00177834500395398,0.0216246752480804,0.0167351624582617,"Slc13a4/Slc22a2/Slc44a4/Slc26a5/Slc47a1",5
"GO:0015079","MF","GO:0015079","potassium ion transmembrane transporter activity","8/392","161/28409",0.0496894409937888,3.60109012549119,3.91495734142442,0.00184184221084385,0.021957648317511,0.0169928476418411,"Aqp1/Cnga2/Kcne2/Kcnj13/Kcnmb1/Kcnn4/Slc12a1/Kcnh7",8
"GO:0005231","MF","GO:0005231","excitatory extracellular ligand-gated monoatomic ion channel activity","4/392","39/28409",0.102564102564103,7.43301936159079,4.75521373557616,0.00200509795608494,0.0234442222557624,0.0181432952706471,"Chrna3/Chrnb3/Chrnb4/Glra1",4
"GO:0042562","MF","GO:0042562","hormone binding","6/392","95/28409",0.0631578947368421,4.57717508055854,4.13098800155095,0.00205755723493145,0.0236036754497797,0.0182666948165712,"Cckar/Crhr2/Galr1/Prlhr/Prlr/Ttr",6
"GO:0070492","MF","GO:0070492","oligosaccharide binding","3/392","19/28409",0.157894736842105,11.4429377013963,5.38603708636111,0.0021436562827758,0.0239851799167119,0.0185619380588127,"Lgals12/Lgals3/Loxl2",3
"GO:0030594","MF","GO:0030594","neurotransmitter receptor activity","6/392","96/28409",0.0625,4.52949617346939,4.09739596602223,0.00216971199904466,0.0239851799167119,0.0185619380588127,"Chrna3/Chrnb3/Chrnb4/Gabre/Htr5b/Glra1",6
"GO:0052689","MF","GO:0052689","carboxylic ester hydrolase activity","9/392","205/28409",0.0439024390243902,3.18169487307118,3.70824258235544,0.0022869548138565,0.0248297951218705,0.0192155789810875,"Ccl5/Enpp2/Pla2g4f/Pla2g5/Plbd1/Pnliprp2/Ces1c/Pla2g4d/Pon1",9
"GO:0004867","MF","GO:0004867","serine-type endopeptidase inhibitor activity","7/392","131/28409",0.0534351145038168,3.87254634678299,3.89790181458479,0.00233295520892445,0.0248848555618608,0.0192581898132822,"App/Serpinb1b/Wfikkn2/Ambp/Itih4/Serpina1c/Serpina1d",7
"GO:0042923","MF","GO:0042923","neuropeptide binding","4/392","41/28409",0.0975609756097561,7.07043305126929,4.60097412747283,0.00241593408918673,0.0253256539004402,0.0195993201064695,"Galr1/Gpr171/Prlhr/Sstr5",4
"GO:0015464","MF","GO:0015464","acetylcholine receptor activity","3/392","20/28409",0.15,10.8707908163265,5.22329370550148,0.00249632666586927,0.0257248578448901,0.0199082608321778,"Chrna3/Chrnb3/Chrnb4",3
"GO:0004857","MF","GO:0004857","enzyme inhibitor activity","14/392","430/28409",0.0325581395348837,2.35955149501661,3.3602094087299,0.00282693443651447,0.0277658461059193,0.0214877652516377,"App/Hc/Naip1/Pi16/Ppp1r36/Prnp/Serpinb1b/Styxl1/Wfikkn2/Ahsg/Ambp/Itih4/Serpina1c/Serpina1d",14
"GO:0005230","MF","GO:0005230","extracellular ligand-gated monoatomic ion channel activity","5/392","70/28409",0.0714285714285714,5.17656705539359,4.13836474810197,0.00283138562264308,0.0277658461059193,0.0214877652516377,"Chrna3/Chrnb3/Chrnb4/Gabre/Glra1",5
"GO:0098960","MF","GO:0098960","postsynaptic neurotransmitter receptor activity","5/392","70/28409",0.0714285714285714,5.17656705539359,4.13836474810197,0.00283138562264308,0.0277658461059193,0.0214877652516377,"Chrna3/Chrnb3/Chrnb4/Gabre/Glra1",5
"GO:0061891","MF","GO:0061891","calcium ion sensor activity","3/392","21/28409",0.142857142857143,10.3531341107872,5.07168134320297,0.002882813244263,0.0278214357541572,0.021530785633844,"Efhb/Syt6/Syt2",3
"GO:0004715","MF","GO:0004715","non-membrane spanning protein tyrosine kinase activity","4/392","44/28409",0.0909090909090909,6.58835807050093,4.38805151892082,0.00313530044963374,0.0297853542715206,0.0230506463978007,"Srms/Styk1/Melk/Ptk6",4
"GO:0140784","MF","GO:0140784","metal ion sensor activity","3/392","22/28409",0.136363636363636,9.88253710575139,4.92993473615496,0.00330412912991773,0.0304381097876441,0.0235558086479864,"Efhb/Syt6/Syt2",3
"GO:0005253","MF","GO:0005253","monoatomic anion channel activity","6/392","105/28409",0.0571428571428571,4.14125364431487,3.81440054077096,0.0033978518958915,0.0304381097876441,0.0235558086479864,"Ano1/Cftr/Clic6/Gabre/Oca2/Glra1",6
"GO:0030020","MF","GO:0030020","extracellular matrix structural constituent conferring tensile strength","4/392","45/28409",0.0888888888888889,6.44195011337868,4.32145129755234,0.00340426227888125,0.0304381097876441,0.0235558086479864,"Col4a3/Col6a1/Col8a1/Col8a2",4
"GO:0140272","MF","GO:0140272","exogenous protein binding","4/392","45/28409",0.0888888888888889,6.44195011337868,4.32145129755234,0.00340426227888125,0.0304381097876441,0.0235558086479864,"Cldn1/Gpr15/Alb/Slamf1",4
"GO:0008201","MF","GO:0008201","heparin binding","8/392","179/28409",0.0446927374301676,3.23896933074906,3.55444475996196,0.00354053949814626,0.0311977973169989,0.0241437247242011,"App/Ccl5/Fbln7/Pcolce/Pla2g5/Tmem184a/Apoa5/Cfhr2",8
"GO:0140693","MF","GO:0140693","molecular condensate scaffold activity","4/392","46/28409",0.0869565217391304,6.30190771960958,4.25684214776048,0.00368849365372619,0.032037202020936,0.0247933332814377,"Lgals3/Nlrp6/Prnp/Nlrp1a",4
"GO:0050839","MF","GO:0050839","cell adhesion molecule binding","11/392","310/28409",0.0354838709677419,2.5715849242923,3.29098434941234,0.00411122051104161,0.0352059446579338,0.027245597752937,"App/Cdh26/Col4a3/Epcam/Fap/Fermt1/Glycam1/Pkp3/Tjp3/Fgb/Slamf1",11
"GO:0015293","MF","GO:0015293","symporter activity","7/392","149/28409",0.0469798657718121,3.40472195589645,3.48116390800517,0.00475421971836235,0.0398637282124665,0.0308502190286921,"Slc12a1/Slc13a4/Slc16a8/Slc22a18/Slc4a5/Slc5a7/Slc45a2",7
"GO:0005227","MF","GO:0005227","calcium-activated cation channel activity","3/392","25/28409",0.12,8.69663265306122,4.55393169497404,0.00478626999919417,0.0398637282124665,0.0308502190286921,"Ano1/Kcnmb1/Kcnn4",3
"GO:0099095","MF","GO:0099095","ligand-gated monoatomic anion channel activity","4/392","51/28409",0.0784313725490196,5.68407362945178,3.96025864091766,0.00535250568294568,0.0439773439896078,0.0340337132329548,"Ano1/Cftr/Gabre/Glra1",4
"GO:0046943","MF","GO:0046943","carboxylic acid transmembrane transporter activity","8/392","196/28409",0.0408163265306122,2.95803831736776,3.25369721602946,0.00607487270974137,0.0491082124959387,0.038004451152501,"Slc16a8/Slc22a2/Slc43a3/Slc22a7/Slc26a5/Slc27a6/Slc47a1/Slco1b2",8
"GO:0005544","MF","GO:0005544","calcium-dependent phospholipid binding","4/392","53/28409",0.0754716981132075,5.46958028494417,3.85242987213833,0.00613852656199233,0.0491082124959387,0.038004451152501,"Pla2g4f/Syt6/Pla2g4d/Syt2",4
"GO:0005342","MF","GO:0005342","organic acid transmembrane transporter activity","8/392","197/28409",0.0406091370558376,2.94302289443696,3.23702938218649,0.00625812405069083,0.0494147976989614,0.0382417149782475,"Slc16a8/Slc22a2/Slc43a3/Slc22a7/Slc26a5/Slc27a6/Slc47a1/Slco1b2",8
