"","ONTOLOGY","ID","Description","GeneRatio","BgRatio","RichFactor","FoldEnrichment","zScore","pvalue","p.adjust","qvalue","geneID","Count"
"GO:0050806","BP","GO:0050806","positive regulation of synaptic transmission","28/562","351/28928",0.0797720797720798,4.10613296022549,8.24111717628508,3.62873953279019e-10,9.23043368144955e-07,8.21961151404335e-07,"Chrna7/Dbi/Drd2/Hap1/Mir128-1/Mir148b/Mir181a-2/Mir181b-1/Mir23a/Mir23b/Mir24-2/Mir30b/Mir30c-1/Mir30d/Mir30e/Mir369/Mir379/Mir382/Mir383/Mir760/Adcyap1/Akap5/Dnm1l/Mir26a-2/Mir26b/Mir539/Mir7b/Tacr2",28
"GO:0060291","BP","GO:0060291","long-term synaptic potentiation","24/562","263/28928",0.091254752851711,4.697184146787,8.47800736750528,4.51365950193132e-10,9.23043368144955e-07,8.21961151404335e-07,"Chrna7/Dbi/Drd2/Mir128-1/Mir148b/Mir181a-2/Mir181b-1/Mir23a/Mir23b/Mir24-2/Mir30b/Mir30c-1/Mir30d/Mir30e/Mir369/Mir379/Mir382/Mir383/Mir760/Akap5/Mir26a-2/Mir26b/Mir539/Mir7b",24
"GO:0071234","BP","GO:0071234","cellular response to phenylalanine","8/562","25/28928",0.32,16.4714590747331,10.8930782166711,1.56127664656409e-08,1.59640537111179e-05,1.42158347292415e-05,"Mir23a/Mir24-2/Mir369/Mir377/Mir382/Mir544/Mir409/Mir539",8
"GO:0080053","BP","GO:0080053","response to phenylalanine","8/562","25/28928",0.32,16.4714590747331,10.8930782166711,1.56127664656409e-08,1.59640537111179e-05,1.42158347292415e-05,"Mir23a/Mir24-2/Mir369/Mir377/Mir382/Mir544/Mir409/Mir539",8
"GO:0048167","BP","GO:0048167","regulation of synaptic plasticity","26/562","402/28928",0.0646766169154229,3.32911952692056,6.61919492166328,1.12131090197956e-07,9.17232317819283e-05,8.16786467547219e-05,"Chrna7/Dbi/Drd2/Mir128-1/Mir148b/Mir181a-2/Mir181b-1/Mir23a/Mir23b/Mir24-2/Mir30b/Mir30c-1/Mir30d/Mir30e/Mir369/Mir379/Mir382/Mir383/Mir760/Syap1/Akap5/Mir26a-2/Mir26b/Mir539/Mir7b/Shisa6",26
"GO:0043200","BP","GO:0043200","response to amino acid","18/562","240/28928",0.075,3.86049822064057,6.26351285367047,1.25480974878775e-06,0.000855361978756984,0.000761691531720285,"Casp3/Mir23a/Mir24-2/Mir30d/Mir30e/Mir365-1/Mir369/Mir377/Mir379/Mir382/Mir544/Igf1r/Klhl22/Mir1894/Mir409/Mir539/Pik3ca/Slc7a5",18
"GO:0045786","BP","GO:0045786","negative regulation of cell cycle","24/562","413/28928",0.0581113801452785,2.99118506199754,5.73681400444501,2.2879675400652e-06,0.00133682674840952,0.00119043123137227,"Alox8/Casp3/Dab2ip/Dtl/Ercc6/Foxn3/Grb14/Miip/Msh2/Nudt6/Stk38/Sycp2/Adcyap1/Apbb3/Bmp7/Etaa1/Fgfr3/Foxk1/Gnb1l/Klhl22/Mir26a-2/Mir26b/Tpr/Wac",24
"GO:0097009","BP","GO:0097009","energy homeostasis","13/562","139/28928",0.0935251798561151,4.81405053892829,6.34455782634866,3.42218909086748e-06,0.001749594172706,0.00155799661242125,"Crtc3/Mir1197/Mir323/Mir369/Mir377/Mir379/Mir382/Mir453/Mir544/Mir329/Mir409/Mir539/Pik3ca",13
"GO:0071229","BP","GO:0071229","cellular response to acid chemical","16/562","213/28928",0.0751173708920188,3.86653968890448,5.91036302612835,4.75453151554723e-06,0.00197525361976267,0.00175894415760619,"Mir23a/Mir24-2/Mir30d/Mir30e/Mir365-1/Mir369/Mir377/Mir379/Mir382/Mir544/Klhl22/Mir1894/Mir409/Mir539/Pik3ca/Slc7a5",16
"GO:0001101","BP","GO:0001101","response to acid chemical","18/562","264/28928",0.0681818181818182,3.50954383694597,5.76566172589935,4.82947095296497e-06,0.00197525361976267,0.00175894415760619,"Casp3/Mir23a/Mir24-2/Mir30d/Mir30e/Mir365-1/Mir369/Mir377/Mir379/Mir382/Mir544/Igf1r/Klhl22/Mir1894/Mir409/Mir539/Pik3ca/Slc7a5",18
"GO:0071230","BP","GO:0071230","cellular response to amino acid stimulus","15/562","198/28928",0.0757575757575758,3.89949315216219,5.76245671032385,8.45946157372034e-06,0.00314538162150147,0.00280093177464808,"Mir23a/Mir24-2/Mir30d/Mir30e/Mir365-1/Mir369/Mir377/Mir379/Mir382/Mir544/Klhl22/Mir1894/Mir409/Mir539/Slc7a5",15
"GO:0071222","BP","GO:0071222","cellular response to lipopolysaccharide","20/562","340/28928",0.0588235294117647,3.02784174167888,5.29422551274618,1.32282059821162e-05,0.0045086135389046,0.00401487655246684,"Axl/Dab2ip/Mir181a-2/Mir23b/Mir24-2/Mir30b/Mir30c-1/Mir30d/Mir323/Mir383/Nfkbia/Nlrp3/Sirpa/Cd68/Il12a/Mir26a-2/Mir26b/Mir409/Mir7b/Slc7a5",20
"GO:0071216","BP","GO:0071216","cellular response to biotic stimulus","21/562","378/28928",0.0555555555555556,2.85962831158561,5.12259238223458,1.90854484542611e-05,0.00563151375575974,0.00501480828591654,"Axl/Dab2ip/Mir181a-2/Mir23b/Mir24-2/Mir30b/Mir30c-1/Mir30d/Mir323/Mir383/Nfkbia/Nlrp3/Notch2/Sirpa/Cd68/Il12a/Mir26a-2/Mir26b/Mir409/Mir7b/Slc7a5",21
"GO:0071219","BP","GO:0071219","cellular response to molecule of bacterial origin","20/562","349/28928",0.0573065902578797,2.94975986295364,5.15811631819176,1.92765752030896e-05,0.00563151375575974,0.00501480828591654,"Axl/Dab2ip/Mir181a-2/Mir23b/Mir24-2/Mir30b/Mir30c-1/Mir30d/Mir323/Mir383/Nfkbia/Nlrp3/Sirpa/Cd68/Il12a/Mir26a-2/Mir26b/Mir409/Mir7b/Slc7a5",20
"GO:0032496","BP","GO:0032496","response to lipopolysaccharide","24/562","476/28928",0.0504201680672269,2.59529292143904,4.93978811408354,2.43965660070746e-05,0.00664298510202057,0.00591551369270137,"Axl/Casp3/Dab2ip/Mir181a-2/Mir23b/Mir24-2/Mir30b/Mir30c-1/Mir30d/Mir323/Mir383/Nfkbia/Nlrp3/Sirpa/Trim6/Cd68/Fbxo3/Il12a/Mir26a-2/Mir26b/Mir409/Mir7b/Nfkb2/Slc7a5",24
"GO:0042594","BP","GO:0042594","response to starvation","16/562","244/28928",0.0655737704918033,3.375298990724,5.24462144905186,2.59872277829656e-05,0.00664298510202057,0.00591551369270137,"Atxn3/Bhlha15/Cartpt/Gabarap/Gabarapl2/Krt20/Prkag3/Adcyap1/Comt/Eif2a/Foxk1/Gabarapl1/Ppm1d/Slc7a5/Tcf7l2/Tsc2",16
"GO:0010948","BP","GO:0010948","negative regulation of cell cycle process","19/562","330/28928",0.0575757575757576,2.96361479564327,5.04970771421931,2.90271889489828e-05,0.00698360016478467,0.00621882809680993,"Dab2ip/Dtl/Ercc6/Foxn3/Grb14/Miip/Msh2/Stk38/Sycp2/Apbb3/Bmp7/Etaa1/Fgfr3/Gnb1l/Klhl22/Mir26a-2/Mir26b/Tpr/Wac",19
"GO:0031669","BP","GO:0031669","cellular response to nutrient levels","17/562","275/28928",0.0618181818181818,3.18198641216435,5.11745632798229,3.11446479248448e-05,0.00707675611181195,0.00630178256257093,"Atxn3/Bhlha15/Cartpt/Gabarap/Gabarapl2/Kcnj11/Krt20/Pdia3/Prkag3/Cd68/Comt/Gabarapl1/Pdk2/Ppm1d/Slc7a5/Tcf7l2/Tsc2",17
"GO:0048511","BP","GO:0048511","rhythmic process","20/562","364/28928",0.0549450549450549,2.82820382464511,4.94067855348363,3.50115414991588e-05,0.00753669498587155,0.0067113536613346,"Axl/Cartpt/Casp3/Chrna7/Drd2/Dtl/Kdm5c/Rpe65/Ankfn1/Crem/Dbp/Dnm1l/Gpr149/Hes7/Igf1r/Nfkb2/Prmt5/Rora/Scaper/Sirt6",20
"GO:0045598","BP","GO:0045598","regulation of fat cell differentiation","12/562","151/28928",0.0794701986754967,4.0905941410761,5.35955211816474,4.1721981902354e-05,0.00853214529903139,0.00759779249379709,"Carm1/Dkkl1/Fbn1/Gps2/Htr2a/Ift88/Syap1/Bmp7/Rora/Sirt6/Tcf7l2/Tmem64",12
"GO:0002237","BP","GO:0002237","response to molecule of bacterial origin","24/562","494/28928",0.048582995951417,2.50072759231778,4.73551447827296,4.39891913368018e-05,0.0085674186936914,0.00762920310903931,"Axl/Casp3/Dab2ip/Mir181a-2/Mir23b/Mir24-2/Mir30b/Mir30c-1/Mir30d/Mir323/Mir383/Nfkbia/Nlrp3/Sirpa/Trim6/Cd68/Fbxo3/Il12a/Mir26a-2/Mir26b/Mir409/Mir7b/Nfkb2/Slc7a5",24
"GO:0007605","BP","GO:0007605","sensory perception of sound","17/562","292/28928",0.0582191780821918,2.99673377857944,4.82698801019678,6.57763227200837e-05,0.0122284163602337,0.0108892859622722,"Casp3/Mir148b/Mir181a-2/Mir23a/Mir23b/Mir24-2/Mir30b/Mir30d/Mir326/Mir383/Mir491/Otof/Ush1g/Whrn/Mir329/Mir409/Sobp",17
"GO:0050954","BP","GO:0050954","sensory perception of mechanical stimulus","18/562","331/28928",0.054380664652568,2.79915278837987,4.63385683283975,9.694680795574e-05,0.0172396715016946,0.015351759978346,"Casp3/Htr2a/Mir148b/Mir181a-2/Mir23a/Mir23b/Mir24-2/Mir30b/Mir30d/Mir326/Mir383/Mir491/Otof/Ush1g/Whrn/Mir329/Mir409/Sobp",18
"GO:0070482","BP","GO:0070482","response to oxygen levels","21/562","444/28928",0.0472972972972973,2.43454842743099,4.28772591933754,0.000187489735206325,0.0310527471147977,0.0276521696093681,"Atp6v0a2/Casp3/Drd2/Kcnj11/Lct/Mir30b/Mir30d/Mir30e/Mir335/Mir365-1/Mir379/Mir491/Slc29a1/Tert/Car9/Comt/Dnm1l/Mir26b/Rora/Slc7a5/Tsc2",21
"GO:0009267","BP","GO:0009267","cellular response to starvation","13/562","204/28928",0.0637254901960784,3.28016188681878,4.60022541597934,0.000193324400047388,0.0310527471147977,0.0276521696093681,"Atxn3/Bhlha15/Cartpt/Gabarap/Gabarapl2/Krt20/Prkag3/Comt/Gabarapl1/Ppm1d/Slc7a5/Tcf7l2/Tsc2",13
"GO:0042908","BP","GO:0042908","xenobiotic transport","6/562","44/28928",0.136363636363636,7.01908767389194,5.62404964517123,0.000197401326402137,0.0310527471147977,0.0276521696093681,"Slc15a2/Slc22a18/Tmem30a/Oscp1/Slc37a3/Slc7a5",6
"GO:0072012","BP","GO:0072012","glomerulus vasculature development","5/562","30/28928",0.166666666666667,8.57888493475682,5.84591981091223,0.000259192228226733,0.0392628227202718,0.0349631621701558,"Angpt1/Notch2/Osr1/Bmp7/Gpr4",5
